ticker,zrodlo,data_w_otoczeniu,wiersz,adres,pobrano_utc
VAR,marketscreener_broker,,Analyst Coverage,https://www.marketscreener.com/quote/stock/VAR-ENERGI-133025650/news-broker-research/,2026-10-05T12:10:15Z
VAR,marketscreener_broker,Sep. 25,"DNB Carnegie downgrades Vår Energi to sell (hold), target price NOK 46 (44)",https://www.marketscreener.com/quote/stock/VAR-ENERGI-133025650/news-broker-research/,2026-10-05T12:10:15Z
VAR,marketscreener_broker,Sep. 25,"Citigroup raises target price for Vår Energi to 57 Norwegian kroner (48), reiterates Buy - BN",https://www.marketscreener.com/quote/stock/VAR-ENERGI-133025650/news-broker-research/,2026-10-05T12:10:15Z
VAR,marketscreener_broker,Sep. 22,"ABG Sundal Collier downgrades Var Energi to sell (hold), reiterates target price of 46 Norwegian kroner",https://www.marketscreener.com/quote/stock/VAR-ENERGI-133025650/news-broker-research/,2026-10-05T12:10:15Z
VAR,marketscreener_broker,Sep. 10,"Goldman Sachs raises its price target for Var Energi to 68 Norwegian kroner (53), reiterates buy - BN",https://www.marketscreener.com/quote/stock/VAR-ENERGI-133025650/news-broker-research/,2026-10-05T12:10:15Z
VAR,marketscreener_broker,Sep. 04,"Barclays raises target price for Var Energi to 58 Norwegian kroner (50), reiterates overweight - BN",https://www.marketscreener.com/quote/stock/VAR-ENERGI-133025650/news-broker-research/,2026-10-05T12:10:15Z
VAR,marketscreener_broker,Sep. 04,"Clarksons Platou Securities raises target price for Var Energi to 54 Norwegian kroner (50), reiterates buy - BN",https://www.marketscreener.com/quote/stock/VAR-ENERGI-133025650/news-broker-research/,2026-10-05T12:10:15Z
VAR,marketscreener_broker,Sep. 03,Morgan Stanley Kicks Off Vår Energi Coverage at Overweight,https://www.marketscreener.com/quote/stock/VAR-ENERGI-133025650/news-broker-research/,2026-10-05T12:10:15Z
VAR,marketscreener_broker,Sep. 03,"SEB cuts its target price for Var Energi to 36 Norwegian kroner (37), reiterates sell",https://www.marketscreener.com/quote/stock/VAR-ENERGI-133025650/news-broker-research/,2026-10-05T12:10:15Z
VAR,marketscreener_broker,Sep. 03,Morgan Stanley initiates coverage of Vår Energi with an overweight rating and a target price of 56 Norwegian kroner - BN,https://www.marketscreener.com/quote/stock/VAR-ENERGI-133025650/news-broker-research/,2026-10-05T12:10:15Z
VAR,marketscreener_broker,Jul. 23,"RBC Capital Markets Downgrades Vår Energi to Sector Perform, Lowers PT",https://www.marketscreener.com/quote/stock/VAR-ENERGI-133025650/news-broker-research/,2026-10-05T12:10:15Z
VAR,marketscreener_broker,Jul. 23,"RBC downgrades Var Energi to sector perform (outperform), price target 55 Norwegian kroner - BN",https://www.marketscreener.com/quote/stock/VAR-ENERGI-133025650/news-broker-research/,2026-10-05T12:10:15Z
VAR,marketscreener_broker,Jul. 22,"DNB Carnegie raises target price for Vår Energi to 44 Norwegian kroner (43), reiterates hold",https://www.marketscreener.com/quote/stock/VAR-ENERGI-133025650/news-broker-research/,2026-10-05T12:10:15Z
VAR,marketscreener_broker,Jul. 22,"Nordea raises the target price for Vår Energi to 52 Norwegian kroner (50), reiterates buy",https://www.marketscreener.com/quote/stock/VAR-ENERGI-133025650/news-broker-research/,2026-10-05T12:10:15Z
VAR,marketscreener_broker,Jul. 22,"Arctic raises Vår Energi target price to 50 Norwegian kroner (48), reiterates buy",https://www.marketscreener.com/quote/stock/VAR-ENERGI-133025650/news-broker-research/,2026-10-05T12:10:15Z
VAR,marketscreener_broker,Jul. 22,"Goldman Sachs raises its target price for Var Energi to 53 Norwegian kroner (49), reiterates buy - BN",https://www.marketscreener.com/quote/stock/VAR-ENERGI-133025650/news-broker-research/,2026-10-05T12:10:15Z
VAR,marketscreener_broker,Jul. 21,"Norne Securities raises its target price for Vår Energi to 59 Norwegian kroner (49), reiterates buy - BN",https://www.marketscreener.com/quote/stock/VAR-ENERGI-133025650/news-broker-research/,2026-10-05T12:10:15Z
VAR,marketscreener_broker,Jul. 15,"DNB Carnegie cuts Vaar Energi price target to 43 Norwegian kroner (44), reiterates hold",https://www.marketscreener.com/quote/stock/VAR-ENERGI-133025650/news-broker-research/,2026-10-05T12:10:15Z
VAR,marketscreener_broker,Jul. 10,"Nordea cuts its target price for Var Energi to 50 Norwegian kroner (52), reiterates buy",https://www.marketscreener.com/quote/stock/VAR-ENERGI-133025650/news-broker-research/,2026-10-05T12:10:15Z
VAR,marketscreener_broker,Jun. 26,"Goldman Sachs cuts target price for Vår Energi to 49 Norwegian kroner (55), reiterates buy - BN",https://www.marketscreener.com/quote/stock/VAR-ENERGI-133025650/news-broker-research/,2026-10-05T12:10:15Z
VAR,marketscreener_broker,Jun. 25,"ABG Sundal Collier Upgrades Vår Energi to Hold, Boosts PT",https://www.marketscreener.com/quote/stock/VAR-ENERGI-133025650/news-broker-research/,2026-10-05T12:10:15Z
VAR,marketscreener_broker,Jun. 25,"ABG Sundal Collier raises Vår Energi to Hold (Sell), target price 43 Norwegian kroner (38) - BN",https://www.marketscreener.com/quote/stock/VAR-ENERGI-133025650/news-broker-research/,2026-10-05T12:10:15Z
VAR,marketscreener_broker,Jun. 04,"Clarksons Platou Securities raises Vår Energi price target to NOK 50 (38), reiterates Buy - BN",https://www.marketscreener.com/quote/stock/VAR-ENERGI-133025650/news-broker-research/,2026-10-05T12:10:15Z
VAR,marketscreener_broker,May. 12,"Arctic Securities Upgrades Vår Energi to Buy, Raises PT",https://www.marketscreener.com/quote/stock/VAR-ENERGI-133025650/news-broker-research/,2026-10-05T12:10:15Z
VAR,marketscreener_broker,May. 12,"Arctic upgrades Vår Energi to buy (hold), sets price target at NOK 48 - BN",https://www.marketscreener.com/quote/stock/VAR-ENERGI-133025650/news-broker-research/,2026-10-05T12:10:15Z
VAR,marketscreener_broker,,"if (event.target.matches("".ajax_close_teasing866"")) {",https://www.marketscreener.com/quote/stock/VAR-ENERGI-133025650/news-broker-research/,2026-10-05T12:10:15Z
VAR,marketscreener_broker,,var element = event.target;,https://www.marketscreener.com/quote/stock/VAR-ENERGI-133025650/news-broker-research/,2026-10-05T12:10:15Z
VAR,marketscreener_broker,,"if (event.target.matches("".ajax_close_teasing_ws866"")) {",https://www.marketscreener.com/quote/stock/VAR-ENERGI-133025650/news-broker-research/,2026-10-05T12:10:15Z
VAR,marketscreener_broker,,"googletag.pubads().setTargeting('Edition', 'en_US');",https://www.marketscreener.com/quote/stock/VAR-ENERGI-133025650/news-broker-research/,2026-10-05T12:10:15Z
VAR,marketscreener_broker,,"googletag.pubads().setTargeting('UserType', 'free');",https://www.marketscreener.com/quote/stock/VAR-ENERGI-133025650/news-broker-research/,2026-10-05T12:10:15Z
VAR,marketscreener_broker,,"googletag.pubads().setTargeting('Content', 'equities');",https://www.marketscreener.com/quote/stock/VAR-ENERGI-133025650/news-broker-research/,2026-10-05T12:10:15Z
VAR,marketscreener_broker,,"googletag.pubads().setTargeting('codezb', '133025650');",https://www.marketscreener.com/quote/stock/VAR-ENERGI-133025650/news-broker-research/,2026-10-05T12:10:15Z
VAR,marketscreener_news,,Analyst Coverage,https://www.marketscreener.com/quote/stock/VAR-ENERGI-133025650/news/,2026-10-05T12:10:16Z
VAR,marketscreener_news,Sep. 25,"DNB Carnegie downgrades Vår Energi to sell (hold), target price NOK 46 (44)",https://www.marketscreener.com/quote/stock/VAR-ENERGI-133025650/news/,2026-10-05T12:10:16Z
VAR,marketscreener_news,Sep. 25,"Citigroup raises target price for Vår Energi to 57 Norwegian kroner (48), reiterates Buy - BN",https://www.marketscreener.com/quote/stock/VAR-ENERGI-133025650/news/,2026-10-05T12:10:16Z
VAR,marketscreener_news,Sep. 22,"ABG Sundal Collier downgrades Var Energi to sell (hold), reiterates target price of 46 Norwegian kroner",https://www.marketscreener.com/quote/stock/VAR-ENERGI-133025650/news/,2026-10-05T12:10:16Z
VAR,marketscreener_news,Sep. 10,"Goldman Sachs raises its price target for Var Energi to 68 Norwegian kroner (53), reiterates buy - BN",https://www.marketscreener.com/quote/stock/VAR-ENERGI-133025650/news/,2026-10-05T12:10:16Z
VAR,marketscreener_news,Sep. 04,"Barclays raises target price for Var Energi to 58 Norwegian kroner (50), reiterates overweight - BN",https://www.marketscreener.com/quote/stock/VAR-ENERGI-133025650/news/,2026-10-05T12:10:16Z
VAR,marketscreener_news,Sep. 04,"Clarksons Platou Securities raises target price for Var Energi to 54 Norwegian kroner (50), reiterates buy - BN",https://www.marketscreener.com/quote/stock/VAR-ENERGI-133025650/news/,2026-10-05T12:10:16Z
VAR,marketscreener_news,Sep. 03,Morgan Stanley Kicks Off Vår Energi Coverage at Overweight,https://www.marketscreener.com/quote/stock/VAR-ENERGI-133025650/news/,2026-10-05T12:10:16Z
VAR,marketscreener_news,Sep. 03,"SEB cuts its target price for Var Energi to 36 Norwegian kroner (37), reiterates sell",https://www.marketscreener.com/quote/stock/VAR-ENERGI-133025650/news/,2026-10-05T12:10:16Z
VAR,marketscreener_news,Sep. 03,Morgan Stanley initiates coverage of Vår Energi with an overweight rating and a target price of 56 Norwegian kroner - BN,https://www.marketscreener.com/quote/stock/VAR-ENERGI-133025650/news/,2026-10-05T12:10:16Z
VAR,marketscreener_news,,"if (event.target.matches("".ajax_close_teasing866"")) {",https://www.marketscreener.com/quote/stock/VAR-ENERGI-133025650/news/,2026-10-05T12:10:16Z
VAR,marketscreener_news,,var element = event.target;,https://www.marketscreener.com/quote/stock/VAR-ENERGI-133025650/news/,2026-10-05T12:10:16Z
VAR,marketscreener_news,,"if (event.target.matches("".ajax_close_teasing_ws866"")) {",https://www.marketscreener.com/quote/stock/VAR-ENERGI-133025650/news/,2026-10-05T12:10:16Z
VAR,marketscreener_news,,"googletag.pubads().setTargeting('Edition', 'en_US');",https://www.marketscreener.com/quote/stock/VAR-ENERGI-133025650/news/,2026-10-05T12:10:16Z
VAR,marketscreener_news,,"googletag.pubads().setTargeting('UserType', 'free');",https://www.marketscreener.com/quote/stock/VAR-ENERGI-133025650/news/,2026-10-05T12:10:16Z
VAR,marketscreener_news,,"googletag.pubads().setTargeting('Content', 'equities');",https://www.marketscreener.com/quote/stock/VAR-ENERGI-133025650/news/,2026-10-05T12:10:16Z
VAR,marketscreener_news,,"googletag.pubads().setTargeting('codezb', '133025650');",https://www.marketscreener.com/quote/stock/VAR-ENERGI-133025650/news/,2026-10-05T12:10:16Z
NAS,marketscreener_broker,,Analyst Coverage,https://www.marketscreener.com/quote/stock/NORWEGIAN-AIR-SHUTTLE-ASA-1413204/news-broker-research/,2026-10-05T12:10:17Z
NAS,marketscreener_broker,03:09am,"Danske Bank lowers price target for Norwegian to 13 Norwegian kroner (14), reiterates hold - BN",https://www.marketscreener.com/quote/stock/NORWEGIAN-AIR-SHUTTLE-ASA-1413204/news-broker-research/,2026-10-05T12:10:17Z
NAS,marketscreener_broker,Sep. 01,"Danske Bank raises the price target for Norwegian to 14 Norwegian kroner (13), reiterates hold - BN",https://www.marketscreener.com/quote/stock/NORWEGIAN-AIR-SHUTTLE-ASA-1413204/news-broker-research/,2026-10-05T12:10:17Z
NAS,marketscreener_broker,Jul. 23,"Danske Bank upgrades Norwegian to hold (sell), target price 13 Norwegian kroner - BN",https://www.marketscreener.com/quote/stock/NORWEGIAN-AIR-SHUTTLE-ASA-1413204/news-broker-research/,2026-10-05T12:10:17Z
NAS,marketscreener_broker,Jul. 14,"Pareto Securities cuts its target price for Norwegian to 18 Norwegian kroner (19), reiterates buy",https://www.marketscreener.com/quote/stock/NORWEGIAN-AIR-SHUTTLE-ASA-1413204/news-broker-research/,2026-10-05T12:10:17Z
NAS,marketscreener_broker,Jul. 09,"Arctic cuts its target price for Norwegian to 17 Norwegian kroner (18), reiterates buy",https://www.marketscreener.com/quote/stock/NORWEGIAN-AIR-SHUTTLE-ASA-1413204/news-broker-research/,2026-10-05T12:10:17Z
NAS,marketscreener_broker,Jul. 08,Nordea downgrades Norwegian to hold,https://www.marketscreener.com/quote/stock/NORWEGIAN-AIR-SHUTTLE-ASA-1413204/news-broker-research/,2026-10-05T12:10:17Z
NAS,marketscreener_broker,Jul. 08,"Barclays cuts its target price for Norwegian to 20 Norwegian kroner (21), reiterates Overweight - BN",https://www.marketscreener.com/quote/stock/NORWEGIAN-AIR-SHUTTLE-ASA-1413204/news-broker-research/,2026-10-05T12:10:17Z
NAS,marketscreener_broker,Jun. 29,"Danske Bank cuts target price for Norwegian to 13 Norwegian kroner (14), reiterates sell - BN",https://www.marketscreener.com/quote/stock/NORWEGIAN-AIR-SHUTTLE-ASA-1413204/news-broker-research/,2026-10-05T12:10:17Z
NAS,marketscreener_broker,Jun. 23,"Pareto Securities raises its price target for Norwegian to 19 Norwegian kroner (18), reiterates buy",https://www.marketscreener.com/quote/stock/NORWEGIAN-AIR-SHUTTLE-ASA-1413204/news-broker-research/,2026-10-05T12:10:17Z
NAS,marketscreener_broker,Jun. 17,"SB1 Markets raises price target for Norwegian to NOK16 (15), reiterates neutral rating",https://www.marketscreener.com/quote/stock/NORWEGIAN-AIR-SHUTTLE-ASA-1413204/news-broker-research/,2026-10-05T12:10:17Z
NAS,marketscreener_broker,Jun. 03,"Danske Bank downgrades Norwegian to sell from hold, sets price target at NOK 14 - BN",https://www.marketscreener.com/quote/stock/NORWEGIAN-AIR-SHUTTLE-ASA-1413204/news-broker-research/,2026-10-05T12:10:17Z
NAS,marketscreener_broker,May. 04,"Pareto Securities raises Norwegian price target to NOK 18 (17), reiterates Buy",https://www.marketscreener.com/quote/stock/NORWEGIAN-AIR-SHUTTLE-ASA-1413204/news-broker-research/,2026-10-05T12:10:17Z
NAS,marketscreener_broker,Apr. 29,"Barclays raises Norwegian price target to NOK 21 (19), reiterates Overweight - BN",https://www.marketscreener.com/quote/stock/NORWEGIAN-AIR-SHUTTLE-ASA-1413204/news-broker-research/,2026-10-05T12:10:17Z
NAS,marketscreener_broker,Apr. 28,"DNB Carnegie raises Norwegian price target to NOK 18 (17), reiterates Buy",https://www.marketscreener.com/quote/stock/NORWEGIAN-AIR-SHUTTLE-ASA-1413204/news-broker-research/,2026-10-05T12:10:17Z
NAS,marketscreener_broker,Apr. 16,"Pareto Securities upgrades Norwegian Air Shuttle to Buy from Hold, sets price target at NOK 17 (19)",https://www.marketscreener.com/quote/stock/NORWEGIAN-AIR-SHUTTLE-ASA-1413204/news-broker-research/,2026-10-05T12:10:17Z
NAS,marketscreener_broker,Apr. 15,"Nordea trims Norwegian Air target to NOK 18 (20), maintains Buy rating",https://www.marketscreener.com/quote/stock/NORWEGIAN-AIR-SHUTTLE-ASA-1413204/news-broker-research/,2026-10-05T12:10:17Z
NAS,marketscreener_broker,Mar. 19,"DNB Carnegie trims Norwegian price target to NOK 17 (20), maintains Buy rating",https://www.marketscreener.com/quote/stock/NORWEGIAN-AIR-SHUTTLE-ASA-1413204/news-broker-research/,2026-10-05T12:10:17Z
NAS,marketscreener_broker,Mar. 10,"Danske Bank cuts Norwegian price target to NOK 15 (17), reiterates Hold - BN",https://www.marketscreener.com/quote/stock/NORWEGIAN-AIR-SHUTTLE-ASA-1413204/news-broker-research/,2026-10-05T12:10:17Z
NAS,marketscreener_broker,Mar. 09,"Barclays cuts Norwegian price target to 20 NOK (22), reiterates overweight - BN",https://www.marketscreener.com/quote/stock/NORWEGIAN-AIR-SHUTTLE-ASA-1413204/news-broker-research/,2026-10-05T12:10:17Z
NAS,marketscreener_broker,Mar. 03,"DNB Carnegie Lowers Price Target for Norwegian to 20 Norwegian Kroner (22), Reiterates Buy",https://www.marketscreener.com/quote/stock/NORWEGIAN-AIR-SHUTTLE-ASA-1413204/news-broker-research/,2026-10-05T12:10:17Z
NAS,marketscreener_broker,Feb. 17,"Barclays Raises Price Target for Norwegian to 22 Norwegian Kroner (19.30), Reiterates Overweight - BN",https://www.marketscreener.com/quote/stock/NORWEGIAN-AIR-SHUTTLE-ASA-1413204/news-broker-research/,2026-10-05T12:10:17Z
NAS,marketscreener_broker,,"if (event.target.matches("".ajax_close_teasing866"")) {",https://www.marketscreener.com/quote/stock/NORWEGIAN-AIR-SHUTTLE-ASA-1413204/news-broker-research/,2026-10-05T12:10:17Z
NAS,marketscreener_broker,,var element = event.target;,https://www.marketscreener.com/quote/stock/NORWEGIAN-AIR-SHUTTLE-ASA-1413204/news-broker-research/,2026-10-05T12:10:17Z
NAS,marketscreener_broker,,"if (event.target.matches("".ajax_close_teasing_ws866"")) {",https://www.marketscreener.com/quote/stock/NORWEGIAN-AIR-SHUTTLE-ASA-1413204/news-broker-research/,2026-10-05T12:10:17Z
NAS,marketscreener_broker,,"googletag.pubads().setTargeting('Edition', 'en_US');",https://www.marketscreener.com/quote/stock/NORWEGIAN-AIR-SHUTTLE-ASA-1413204/news-broker-research/,2026-10-05T12:10:17Z
NAS,marketscreener_broker,,"googletag.pubads().setTargeting('UserType', 'free');",https://www.marketscreener.com/quote/stock/NORWEGIAN-AIR-SHUTTLE-ASA-1413204/news-broker-research/,2026-10-05T12:10:17Z
NAS,marketscreener_broker,,"googletag.pubads().setTargeting('Content', 'equities');",https://www.marketscreener.com/quote/stock/NORWEGIAN-AIR-SHUTTLE-ASA-1413204/news-broker-research/,2026-10-05T12:10:17Z
NAS,marketscreener_broker,,"googletag.pubads().setTargeting('codezb', '1413204');",https://www.marketscreener.com/quote/stock/NORWEGIAN-AIR-SHUTTLE-ASA-1413204/news-broker-research/,2026-10-05T12:10:17Z
NAS,marketscreener_news,,Analyst Coverage,https://www.marketscreener.com/quote/stock/NORWEGIAN-AIR-SHUTTLE-ASA-1413204/news/,2026-10-05T12:10:18Z
NAS,marketscreener_news,03:09am,"Danske Bank lowers price target for Norwegian to 13 Norwegian kroner (14), reiterates hold - BN",https://www.marketscreener.com/quote/stock/NORWEGIAN-AIR-SHUTTLE-ASA-1413204/news/,2026-10-05T12:10:18Z
NAS,marketscreener_news,Sep. 04,Norwegian Air Shuttle ASA Reports Operating Results for the Month of August 2026,https://www.marketscreener.com/quote/stock/NORWEGIAN-AIR-SHUTTLE-ASA-1413204/news/,2026-10-05T12:10:18Z
NAS,marketscreener_news,Sep. 01,"Danske Bank raises the price target for Norwegian to 14 Norwegian kroner (13), reiterates hold - BN",https://www.marketscreener.com/quote/stock/NORWEGIAN-AIR-SHUTTLE-ASA-1413204/news/,2026-10-05T12:10:18Z
NAS,marketscreener_news,Jul. 23,"Danske Bank upgrades Norwegian to hold (sell), target price 13 Norwegian kroner - BN",https://www.marketscreener.com/quote/stock/NORWEGIAN-AIR-SHUTTLE-ASA-1413204/news/,2026-10-05T12:10:18Z
NAS,marketscreener_news,,"if (event.target.matches("".ajax_close_teasing866"")) {",https://www.marketscreener.com/quote/stock/NORWEGIAN-AIR-SHUTTLE-ASA-1413204/news/,2026-10-05T12:10:18Z
NAS,marketscreener_news,,var element = event.target;,https://www.marketscreener.com/quote/stock/NORWEGIAN-AIR-SHUTTLE-ASA-1413204/news/,2026-10-05T12:10:18Z
NAS,marketscreener_news,,"if (event.target.matches("".ajax_close_teasing_ws866"")) {",https://www.marketscreener.com/quote/stock/NORWEGIAN-AIR-SHUTTLE-ASA-1413204/news/,2026-10-05T12:10:18Z
NAS,marketscreener_news,,"googletag.pubads().setTargeting('Edition', 'en_US');",https://www.marketscreener.com/quote/stock/NORWEGIAN-AIR-SHUTTLE-ASA-1413204/news/,2026-10-05T12:10:18Z
NAS,marketscreener_news,,"googletag.pubads().setTargeting('UserType', 'free');",https://www.marketscreener.com/quote/stock/NORWEGIAN-AIR-SHUTTLE-ASA-1413204/news/,2026-10-05T12:10:18Z
NAS,marketscreener_news,,"googletag.pubads().setTargeting('Content', 'equities');",https://www.marketscreener.com/quote/stock/NORWEGIAN-AIR-SHUTTLE-ASA-1413204/news/,2026-10-05T12:10:18Z
NAS,marketscreener_news,,"googletag.pubads().setTargeting('codezb', '1413204');",https://www.marketscreener.com/quote/stock/NORWEGIAN-AIR-SHUTTLE-ASA-1413204/news/,2026-10-05T12:10:18Z
AFG,marketscreener_broker,,Analyst Coverage,https://www.marketscreener.com/quote/stock/AF-GRUPPEN-ASA-1413069/news-broker-research/,2026-10-05T12:10:19Z
AFG,marketscreener_broker,Aug. 31,"SB1 Markets raises AF Gruppen price target to 230 Norwegian kroner (210), reiterates buy",https://www.marketscreener.com/quote/stock/AF-GRUPPEN-ASA-1413069/news-broker-research/,2026-10-05T12:10:19Z
AFG,marketscreener_broker,Aug. 28,"DNB Carnegie raises its price target for AF Gruppen to 156 Norwegian kroner (150), reiterates sell",https://www.marketscreener.com/quote/stock/AF-GRUPPEN-ASA-1413069/news-broker-research/,2026-10-05T12:10:19Z
AFG,marketscreener_broker,Jun. 29,"DNB Carnegie raises AF Gruppen target price to 150 Norwegian kroner (145), reiterates sell",https://www.marketscreener.com/quote/stock/AF-GRUPPEN-ASA-1413069/news-broker-research/,2026-10-05T12:10:19Z
AFG,marketscreener_broker,Jun. 29,"DNB Carnegie raises AF Gruppen price target to 145 Norwegian kroner (140), reiterates sell",https://www.marketscreener.com/quote/stock/AF-GRUPPEN-ASA-1413069/news-broker-research/,2026-10-05T12:10:19Z
AFG,marketscreener_broker,Feb. 16,"DNB Carnegie Raises Target Price for AF Gruppen to 145 Norwegian Kroner (135), Reiterates Sell",https://www.marketscreener.com/quote/stock/AF-GRUPPEN-ASA-1413069/news-broker-research/,2026-10-05T12:10:19Z
AFG,marketscreener_broker,Jan. 14,"SB1 Markets Raises Price Target for Norwegian AF Gruppen to 210 Norwegian Kroner (200), Reiterates Buy - BN",https://www.marketscreener.com/quote/stock/AF-GRUPPEN-ASA-1413069/news-broker-research/,2026-10-05T12:10:19Z
AFG,marketscreener_broker,Nov. 17,"Kepler Cheuvreux Downgrades Norwegian AF Gruppen to Hold, Raises Target Price to 196 NOK",https://www.marketscreener.com/quote/stock/AF-GRUPPEN-ASA-1413069/news-broker-research/,2026-10-05T12:10:19Z
AFG,marketscreener_broker,,"Kepler Cheuvreux Upgrades Norwegian AF Gruppen to Buy, Raises Target Price to NOK 180",https://www.marketscreener.com/quote/stock/AF-GRUPPEN-ASA-1413069/news-broker-research/,2026-10-05T12:10:19Z
AFG,marketscreener_broker,,"DNB Carnegie Raises Price Target for Norway's AF Gruppen to 125 NOK, Reiterates Sell Rating - BN",https://www.marketscreener.com/quote/stock/AF-GRUPPEN-ASA-1413069/news-broker-research/,2026-10-05T12:10:19Z
AFG,marketscreener_broker,,"Kepler Cheuvreux raises its target price for Norwegian AF Gruppen to NOK 160 (150), reiterates hold",https://www.marketscreener.com/quote/stock/AF-GRUPPEN-ASA-1413069/news-broker-research/,2026-10-05T12:10:19Z
AFG,marketscreener_broker,1 Markets,Sparebank 1 Markets initiates coverage of Norska AF Gruppen with Buy and target price NOK 165 - BN,https://www.marketscreener.com/quote/stock/AF-GRUPPEN-ASA-1413069/news-broker-research/,2026-10-05T12:10:19Z
AFG,marketscreener_broker,1 Markets,"Kepler Cheuvreux raises target price for Norska AF Gruppen to NOK 175 (140), reiterates Hold",https://www.marketscreener.com/quote/stock/AF-GRUPPEN-ASA-1413069/news-broker-research/,2026-10-05T12:10:19Z
AFG,marketscreener_broker,,"DNB raises target price for Norska AF Gruppen to NOK 120 (115), reiterates sell - BN",https://www.marketscreener.com/quote/stock/AF-GRUPPEN-ASA-1413069/news-broker-research/,2026-10-05T12:10:19Z
AFG,marketscreener_broker,,Carnegie initiates coverage of Norwegian AF Group with Buy and target price of NOK 79 - BN,https://www.marketscreener.com/quote/stock/AF-GRUPPEN-ASA-1413069/news-broker-research/,2026-10-05T12:10:19Z
AFG,marketscreener_broker,,"Kepler Cheuvreux raises target price for Norska AF Gruppen to NOK 140 (135), reiterates hold",https://www.marketscreener.com/quote/stock/AF-GRUPPEN-ASA-1413069/news-broker-research/,2026-10-05T12:10:19Z
AFG,marketscreener_broker,,"Kepler Cheuvreux lowers target price for Norska AF Gruppen to 135 Norwegian kroner (145), reiterates hold",https://www.marketscreener.com/quote/stock/AF-GRUPPEN-ASA-1413069/news-broker-research/,2026-10-05T12:10:19Z
AFG,marketscreener_broker,,"Kepler Cheuvreux downgrades Norwegian AF Group to Hold (Buy), reiterates target price of NOK 145",https://www.marketscreener.com/quote/stock/AF-GRUPPEN-ASA-1413069/news-broker-research/,2026-10-05T12:10:19Z
AFG,marketscreener_broker,,"DNB raises target price for Norwegian AF Gruppen to NOK 100 (95), reiterates sell - BN",https://www.marketscreener.com/quote/stock/AF-GRUPPEN-ASA-1413069/news-broker-research/,2026-10-05T12:10:19Z
AFG,marketscreener_broker,,"Kepler Cheuvreux lowers target price for Norwegian AF Gruppen to NOK 145 (150), reiterates Buy",https://www.marketscreener.com/quote/stock/AF-GRUPPEN-ASA-1413069/news-broker-research/,2026-10-05T12:10:19Z
AFG,marketscreener_broker,,"DNB lowers target price for Norwegian AF Gruppen to NOK 95 (100), reiterates sell - BN",https://www.marketscreener.com/quote/stock/AF-GRUPPEN-ASA-1413069/news-broker-research/,2026-10-05T12:10:19Z
AFG,marketscreener_broker,,"Kepler Cheuvreux lowers target price for Norwegian AF Gruppen to NOK 150 (165), reiterates Buy",https://www.marketscreener.com/quote/stock/AF-GRUPPEN-ASA-1413069/news-broker-research/,2026-10-05T12:10:19Z
AFG,marketscreener_broker,,"DNB lowers target price for Norwegian AF Gruppen to NOK 95 (105), reiterates sell - BN",https://www.marketscreener.com/quote/stock/AF-GRUPPEN-ASA-1413069/news-broker-research/,2026-10-05T12:10:19Z
AFG,marketscreener_broker,,"Kepler Cheuvreux lowers target price for Norwegian AF Gruppen to NOK 165 (175), reiterates Buy",https://www.marketscreener.com/quote/stock/AF-GRUPPEN-ASA-1413069/news-broker-research/,2026-10-05T12:10:19Z
AFG,marketscreener_broker,,"DNB lowers target price for Norwegian AF Gruppen to NOK 100 (105), reiterates sell - BN",https://www.marketscreener.com/quote/stock/AF-GRUPPEN-ASA-1413069/news-broker-research/,2026-10-05T12:10:19Z
AFG,marketscreener_broker,,"if (event.target.matches("".ajax_close_teasing866"")) {",https://www.marketscreener.com/quote/stock/AF-GRUPPEN-ASA-1413069/news-broker-research/,2026-10-05T12:10:19Z
AFG,marketscreener_broker,,var element = event.target;,https://www.marketscreener.com/quote/stock/AF-GRUPPEN-ASA-1413069/news-broker-research/,2026-10-05T12:10:19Z
AFG,marketscreener_broker,,"if (event.target.matches("".ajax_close_teasing_ws866"")) {",https://www.marketscreener.com/quote/stock/AF-GRUPPEN-ASA-1413069/news-broker-research/,2026-10-05T12:10:19Z
AFG,marketscreener_broker,,"googletag.pubads().setTargeting('Edition', 'en_US');",https://www.marketscreener.com/quote/stock/AF-GRUPPEN-ASA-1413069/news-broker-research/,2026-10-05T12:10:19Z
AFG,marketscreener_broker,,"googletag.pubads().setTargeting('UserType', 'free');",https://www.marketscreener.com/quote/stock/AF-GRUPPEN-ASA-1413069/news-broker-research/,2026-10-05T12:10:19Z
AFG,marketscreener_broker,,"googletag.pubads().setTargeting('Content', 'equities');",https://www.marketscreener.com/quote/stock/AF-GRUPPEN-ASA-1413069/news-broker-research/,2026-10-05T12:10:19Z
AFG,marketscreener_broker,,"googletag.pubads().setTargeting('codezb', '1413069');",https://www.marketscreener.com/quote/stock/AF-GRUPPEN-ASA-1413069/news-broker-research/,2026-10-05T12:10:19Z
AFG,marketscreener_news,,Analyst Coverage,https://www.marketscreener.com/quote/stock/AF-GRUPPEN-ASA-1413069/news/,2026-10-05T12:10:20Z
AFG,marketscreener_news,Aug. 31,"SB1 Markets raises AF Gruppen price target to 230 Norwegian kroner (210), reiterates buy",https://www.marketscreener.com/quote/stock/AF-GRUPPEN-ASA-1413069/news/,2026-10-05T12:10:20Z
AFG,marketscreener_news,Aug. 28,"DNB Carnegie raises its price target for AF Gruppen to 156 Norwegian kroner (150), reiterates sell",https://www.marketscreener.com/quote/stock/AF-GRUPPEN-ASA-1413069/news/,2026-10-05T12:10:20Z
AFG,marketscreener_news,Sep. 11,AF Gruppen ASA initiates share buyback program,https://www.marketscreener.com/quote/stock/AF-GRUPPEN-ASA-1413069/news/,2026-10-05T12:10:20Z
AFG,marketscreener_news,Jun. 29,Builds and upgrades transformer stations,https://www.marketscreener.com/quote/stock/AF-GRUPPEN-ASA-1413069/news/,2026-10-05T12:10:20Z
AFG,marketscreener_news,,"if (event.target.matches("".ajax_close_teasing866"")) {",https://www.marketscreener.com/quote/stock/AF-GRUPPEN-ASA-1413069/news/,2026-10-05T12:10:20Z
AFG,marketscreener_news,,var element = event.target;,https://www.marketscreener.com/quote/stock/AF-GRUPPEN-ASA-1413069/news/,2026-10-05T12:10:20Z
AFG,marketscreener_news,,"if (event.target.matches("".ajax_close_teasing_ws866"")) {",https://www.marketscreener.com/quote/stock/AF-GRUPPEN-ASA-1413069/news/,2026-10-05T12:10:20Z
AFG,marketscreener_news,,"googletag.pubads().setTargeting('Edition', 'en_US');",https://www.marketscreener.com/quote/stock/AF-GRUPPEN-ASA-1413069/news/,2026-10-05T12:10:20Z
AFG,marketscreener_news,,"googletag.pubads().setTargeting('UserType', 'free');",https://www.marketscreener.com/quote/stock/AF-GRUPPEN-ASA-1413069/news/,2026-10-05T12:10:20Z
AFG,marketscreener_news,,"googletag.pubads().setTargeting('Content', 'equities');",https://www.marketscreener.com/quote/stock/AF-GRUPPEN-ASA-1413069/news/,2026-10-05T12:10:20Z
AFG,marketscreener_news,,"googletag.pubads().setTargeting('codezb', '1413069');",https://www.marketscreener.com/quote/stock/AF-GRUPPEN-ASA-1413069/news/,2026-10-05T12:10:20Z
TGS,marketscreener_broker,,Analyst Coverage,https://www.marketscreener.com/quote/stock/TGS-ASA-1413301/news-broker-research/,2026-10-05T12:10:20Z
TGS,marketscreener_broker,Sep. 03,"SEB Bank Upgrades TGS to Buy Rating, Boosts PT",https://www.marketscreener.com/quote/stock/TGS-ASA-1413301/news-broker-research/,2026-10-05T12:10:20Z
TGS,marketscreener_broker,Sep. 03,"SEB raises TGS to buy (hold), target price 173 Norwegian kroner (130)",https://www.marketscreener.com/quote/stock/TGS-ASA-1413301/news-broker-research/,2026-10-05T12:10:20Z
TGS,marketscreener_broker,Jul. 29,"SEB cuts TGS price target to 130 Norwegian kroner (137), reiterates Hold",https://www.marketscreener.com/quote/stock/TGS-ASA-1413301/news-broker-research/,2026-10-05T12:10:20Z
TGS,marketscreener_broker,Jul. 24,Danske Bank Downgrades TGS to Sell Rating,https://www.marketscreener.com/quote/stock/TGS-ASA-1413301/news-broker-research/,2026-10-05T12:10:20Z
TGS,marketscreener_broker,Jul. 24,"DNB Carnegie cuts its target price for TGS to 110 Norwegian kroner (115), reiterates sell",https://www.marketscreener.com/quote/stock/TGS-ASA-1413301/news-broker-research/,2026-10-05T12:10:20Z
TGS,marketscreener_broker,Jul. 24,"Danske Bank downgrades TGS to sell (hold), target price 130 Norwegian kroner - BN",https://www.marketscreener.com/quote/stock/TGS-ASA-1413301/news-broker-research/,2026-10-05T12:10:20Z
TGS,marketscreener_broker,Jul. 15,"SEB raises the target price for TGS to 137 Norwegian kroner (135), reiterates hold",https://www.marketscreener.com/quote/stock/TGS-ASA-1413301/news-broker-research/,2026-10-05T12:10:20Z
TGS,marketscreener_broker,Jul. 07,"Morgan Stanley Downgrades TGS to Sell, Boosts PT",https://www.marketscreener.com/quote/stock/TGS-ASA-1413301/news-broker-research/,2026-10-05T12:10:20Z
TGS,marketscreener_broker,Jul. 07,"SB1 Markets downgrades TGS to sell (neutral), target price 100 Norwegian kroner (130)",https://www.marketscreener.com/quote/stock/TGS-ASA-1413301/news-broker-research/,2026-10-05T12:10:20Z
TGS,marketscreener_broker,Jul. 03,"Danske Bank cuts TGS target price to 130 Norwegian kroner (145), reiterates hold - BN",https://www.marketscreener.com/quote/stock/TGS-ASA-1413301/news-broker-research/,2026-10-05T12:10:20Z
TGS,marketscreener_broker,Jul. 02,"SEB downgrades TGS to hold (buy), target price 135 Norwegian kroner (175)",https://www.marketscreener.com/quote/stock/TGS-ASA-1413301/news-broker-research/,2026-10-05T12:10:20Z
TGS,marketscreener_broker,May. 06,"Danske Bank raises TGS price target to NOK 145 (130), reiterates Hold - BN",https://www.marketscreener.com/quote/stock/TGS-ASA-1413301/news-broker-research/,2026-10-05T12:10:20Z
TGS,marketscreener_broker,May. 04,"Fearnley raises TGS price target to NOK 170 (115), reiterates Hold - BN",https://www.marketscreener.com/quote/stock/TGS-ASA-1413301/news-broker-research/,2026-10-05T12:10:20Z
TGS,marketscreener_broker,May. 04,"DNB Carnegie raises TGS price target to NOK 115 (80), reiterates sell rating",https://www.marketscreener.com/quote/stock/TGS-ASA-1413301/news-broker-research/,2026-10-05T12:10:20Z
TGS,marketscreener_broker,May. 04,"SB1 Markets raises TGS price target to NOK 130 (110), reiterates Neutral",https://www.marketscreener.com/quote/stock/TGS-ASA-1413301/news-broker-research/,2026-10-05T12:10:20Z
TGS,marketscreener_broker,Apr. 28,"Pareto Securities raises TGS price target to NOK 150 (110), reiterates Hold",https://www.marketscreener.com/quote/stock/TGS-ASA-1413301/news-broker-research/,2026-10-05T12:10:20Z
TGS,marketscreener_broker,Apr. 20,Goldman Sachs resumes coverage of TGS with Buy rating and NOK 170 price target - BN,https://www.marketscreener.com/quote/stock/TGS-ASA-1413301/news-broker-research/,2026-10-05T12:10:20Z
TGS,marketscreener_broker,Apr. 14,"Danske Bank upgrades TGS to Hold from Sell, sets price target at NOK 130 - BN",https://www.marketscreener.com/quote/stock/TGS-ASA-1413301/news-broker-research/,2026-10-05T12:10:20Z
TGS,marketscreener_broker,Apr. 14,"SB1 Markets upgrades TGS to Neutral from Sell, raises price target to NOK 110 (70)",https://www.marketscreener.com/quote/stock/TGS-ASA-1413301/news-broker-research/,2026-10-05T12:10:20Z
TGS,marketscreener_broker,Feb. 17,"Pareto Securities Raises Target Price for TGS to 110 Norwegian Kroner (85), Reiterates Hold",https://www.marketscreener.com/quote/stock/TGS-ASA-1413301/news-broker-research/,2026-10-05T12:10:20Z
TGS,marketscreener_broker,Feb. 16,"SB1 Markets Raises Target Price for TGS to 70 Norwegian Kroner (from 60), Reiterates Sell",https://www.marketscreener.com/quote/stock/TGS-ASA-1413301/news-broker-research/,2026-10-05T12:10:20Z
TGS,marketscreener_broker,Feb. 13,"Fearnley Raises Target Price for TGS to 115 Norwegian Kroner (80), Reiterates Hold - BN",https://www.marketscreener.com/quote/stock/TGS-ASA-1413301/news-broker-research/,2026-10-05T12:10:20Z
TGS,marketscreener_broker,Nov. 12,"SEB raises target price for TGS to NOK 145 (100), reiterates buy recommendation",https://www.marketscreener.com/quote/stock/TGS-ASA-1413301/news-broker-research/,2026-10-05T12:10:20Z
TGS,marketscreener_broker,,"if (event.target.matches("".ajax_close_teasing866"")) {",https://www.marketscreener.com/quote/stock/TGS-ASA-1413301/news-broker-research/,2026-10-05T12:10:20Z
TGS,marketscreener_broker,,var element = event.target;,https://www.marketscreener.com/quote/stock/TGS-ASA-1413301/news-broker-research/,2026-10-05T12:10:20Z
TGS,marketscreener_broker,,"if (event.target.matches("".ajax_close_teasing_ws866"")) {",https://www.marketscreener.com/quote/stock/TGS-ASA-1413301/news-broker-research/,2026-10-05T12:10:20Z
TGS,marketscreener_broker,,"googletag.pubads().setTargeting('Edition', 'en_US');",https://www.marketscreener.com/quote/stock/TGS-ASA-1413301/news-broker-research/,2026-10-05T12:10:20Z
TGS,marketscreener_broker,,"googletag.pubads().setTargeting('UserType', 'free');",https://www.marketscreener.com/quote/stock/TGS-ASA-1413301/news-broker-research/,2026-10-05T12:10:20Z
TGS,marketscreener_broker,,"googletag.pubads().setTargeting('Content', 'equities');",https://www.marketscreener.com/quote/stock/TGS-ASA-1413301/news-broker-research/,2026-10-05T12:10:20Z
TGS,marketscreener_broker,,"googletag.pubads().setTargeting('codezb', '1413301');",https://www.marketscreener.com/quote/stock/TGS-ASA-1413301/news-broker-research/,2026-10-05T12:10:20Z
TGS,marketscreener_news,,Analyst Coverage,https://www.marketscreener.com/quote/stock/TGS-ASA-1413301/news/,2026-10-05T12:10:22Z
TGS,marketscreener_news,Sep. 03,"SEB Bank Upgrades TGS to Buy Rating, Boosts PT",https://www.marketscreener.com/quote/stock/TGS-ASA-1413301/news/,2026-10-05T12:10:22Z
TGS,marketscreener_news,Sep. 03,"SEB raises TGS to buy (hold), target price 173 Norwegian kroner (130)",https://www.marketscreener.com/quote/stock/TGS-ASA-1413301/news/,2026-10-05T12:10:22Z
TGS,marketscreener_news,,"if (event.target.matches("".ajax_close_teasing866"")) {",https://www.marketscreener.com/quote/stock/TGS-ASA-1413301/news/,2026-10-05T12:10:22Z
TGS,marketscreener_news,,var element = event.target;,https://www.marketscreener.com/quote/stock/TGS-ASA-1413301/news/,2026-10-05T12:10:22Z
TGS,marketscreener_news,,"if (event.target.matches("".ajax_close_teasing_ws866"")) {",https://www.marketscreener.com/quote/stock/TGS-ASA-1413301/news/,2026-10-05T12:10:22Z
TGS,marketscreener_news,,"googletag.pubads().setTargeting('Edition', 'en_US');",https://www.marketscreener.com/quote/stock/TGS-ASA-1413301/news/,2026-10-05T12:10:22Z
TGS,marketscreener_news,,"googletag.pubads().setTargeting('UserType', 'free');",https://www.marketscreener.com/quote/stock/TGS-ASA-1413301/news/,2026-10-05T12:10:22Z
TGS,marketscreener_news,,"googletag.pubads().setTargeting('Content', 'equities');",https://www.marketscreener.com/quote/stock/TGS-ASA-1413301/news/,2026-10-05T12:10:22Z
TGS,marketscreener_news,,"googletag.pubads().setTargeting('codezb', '1413301');",https://www.marketscreener.com/quote/stock/TGS-ASA-1413301/news/,2026-10-05T12:10:22Z
TGS,nordnet_fi,,"SEB höjer TGS till köp (behåll), riktkurs 173 norska kronor (130)",https://www.nordnet.fi/osakkeet/kurssit/tgs-xosl,2026-10-05T12:10:25Z
TGS,nordnet_fi,,"SEB sänker riktkursen för TGS till 130 norska kronor (137), upprepar behåll",https://www.nordnet.fi/osakkeet/kurssit/tgs-xosl,2026-10-05T12:10:25Z
TGS,nordnet_fi,,"DNB Carnegie sänker riktkursen för TGS till 110 norska kronor (115), upprepar sälj",https://www.nordnet.fi/osakkeet/kurssit/tgs-xosl,2026-10-05T12:10:25Z
TGS,nordnet_fi,,"Danske Bank sänker TGS till sälj (behåll), riktkurs 130 norska kronor - BN",https://www.nordnet.fi/osakkeet/kurssit/tgs-xosl,2026-10-05T12:10:25Z
TGS,nordnet_fi,,Analyytikoiden suositukset ja tavoitehinnat ovat saatavilla vain sisäänkirjautuneille asiakkaille.,https://www.nordnet.fi/osakkeet/kurssit/tgs-xosl,2026-10-05T12:10:25Z
TGS,nordnet_fi,,"INSTRUMENT_ORDER.ORDER_PLACEMENT.SUMMARY_TRAILING_BUY"":""Jos laskussa olevan osakkeen hinta nousee {triggerValueSummary} matalimmasta toteutuneesta kurssista {validUntilSummary} mennessä, asetetaan {modeSummary} {quantitySummary} kpl {targetValueSummary} yli aktivointihinnan.",https://www.nordnet.fi/osakkeet/kurssit/tgs-xosl,2026-10-05T12:10:25Z
TGS,nordnet_fi,,"INSTRUMENT_ORDER.ORDER_PLACEMENT.SUMMARY_TRAILING_SELL"":""Jos nousussa olevan osakkeen hinta laskee {triggerValueSummary} korkeimmasta toteutuneesta kurssista {validUntilSummary} mennessä, syötetään {modeSummary} {quantitySummary} kpl {targetValueSummary} alle aktivointihinnan.",https://www.nordnet.fi/osakkeet/kurssit/tgs-xosl,2026-10-05T12:10:25Z
TGS,nordnet_fi,,"INSTRUMENT_TRADING.ORDER_ERROR.TARGET_MARKET_ERROR"":""Tämä tuote ei ole saatavilla vähittäisasiakkaille Nordnetissä.",https://www.nordnet.fi/osakkeet/kurssit/tgs-xosl,2026-10-05T12:10:25Z
TGS,nordnet_fi,,"FEEDBACK_WIDGET.RATING.POSITIVE"":""Se on erinomainen",https://www.nordnet.fi/osakkeet/kurssit/tgs-xosl,2026-10-05T12:10:25Z
TGS,nordnet_fi,,"FEEDBACK_WIDGET.RATING.NEGATIVE"":""Se vaatii mielestäni parantelua",https://www.nordnet.fi/osakkeet/kurssit/tgs-xosl,2026-10-05T12:10:25Z
TGS,nordnet_fi,,"FEEDBACK_WIDGET.RATING.TITLE_FEATURE"":""Kuinka tyytyväinen olet tähän ominaisuuteen?",https://www.nordnet.fi/osakkeet/kurssit/tgs-xosl,2026-10-05T12:10:25Z
TGS,nordnet_fi,,"FEEDBACK_WIDGET.RATING.TITLE_PAGE"":""Miten tyytyväinen olet tämän sivun käytettävyyteen?",https://www.nordnet.fi/osakkeet/kurssit/tgs-xosl,2026-10-05T12:10:25Z
TGS,nordnet_fi,,"FUND_SEARCH_DRAWER.RATING"":""Rating",https://www.nordnet.fi/osakkeet/kurssit/tgs-xosl,2026-10-05T12:10:25Z
TGS,nordnet_fi,,"SHAREVILLE.PROFILE_DETAIL_TAB.RATINGS"":""Luokitukset",https://www.nordnet.fi/osakkeet/kurssit/tgs-xosl,2026-10-05T12:10:25Z
TGS,nordnet_fi,,"SHAREVILLE.RATING"":""Luokitus",https://www.nordnet.fi/osakkeet/kurssit/tgs-xosl,2026-10-05T12:10:25Z
TGS,nordnet_fi,,"SHAREVILLE.RATINGS_DRAWER.BETTER_THAN_MOST_DESCRIPTION"":""Kaksi tähteä omaavien käyttäjien salkun riskikorjattu tuotto on Sharevillessä jaetuista salkuista parhaan 50 %:n joukossa.",https://www.nordnet.fi/osakkeet/kurssit/tgs-xosl,2026-10-05T12:10:25Z
TGS,nordnet_fi,,"NORDNET_SOCIAL.SHAREVILLE.RATINGS_DRAWER.BETTER_THAN_MOST_DESCRIPTION"":""Kaksi tähteä omaavien käyttäjien salkun riskikorjattu tuotto on Nordnet Socialissa jaetuista salkuista parhaan 50 %:n joukossa.",https://www.nordnet.fi/osakkeet/kurssit/tgs-xosl,2026-10-05T12:10:25Z
TGS,nordnet_fi,,"SHAREVILLE.RATINGS_DRAWER.BETTER_THAN_MOST"":""Keskimääräistä paremmin tuottaneet salkut",https://www.nordnet.fi/osakkeet/kurssit/tgs-xosl,2026-10-05T12:10:25Z
TGS,nordnet_fi,,"SHAREVILLE.RATINGS_DRAWER.HOW_IT_WORKS_DESCRIPTION_UPDATED"":""Luokitus näyttää, kuinka hyvin käyttäjän salkku on tuottanut verrattuna muihin Shareville-käyttäjiin. Luokitus perustuu riskikorjattuun tuottoon viimeisiltä kolmelta vuodelta. Määrityksessä käytetään tunnuslukua nimeltä {sharpeRatioLink}. Jos käyttäjä on ollut jäsen alle vuoden, käytetään lyhyempää aikaväliä.",https://www.nordnet.fi/osakkeet/kurssit/tgs-xosl,2026-10-05T12:10:25Z
TGS,nordnet_fi,,"NORDNET_SOCIAL.SHAREVILLE.RATINGS_DRAWER.HOW_IT_WORKS_DESCRIPTION_UPDATED"":""Luokitus näyttää, kuinka hyvin käyttäjän salkku on tuottanut verrattuna muihin Nordnet Social -käyttäjiin. Luokitus perustuu riskikorjattuun tuottoon viimeisiltä kolmelta vuodelta. Määrityksessä käytetään tunnuslukua nimeltä {sharpeRatioLink}. Jos käyttäjä on ollut jäsen alle vuoden, käytetään lyhyempää aikaväliä.",https://www.nordnet.fi/osakkeet/kurssit/tgs-xosl,2026-10-05T12:10:25Z
TGS,nordnet_fi,,"SHAREVILLE.RATINGS_DRAWER.HOW_IT_WORKS_DESCRIPTION"":""Luokitus näyttää, kuinka hyvin käyttäjän salkku on tuottanut verrattuna muihin Shareville-käyttäjiin. Luokitus perustuu riskikorjattuun tuottoon viimeisiltä 12 kuukaudelta. Määrityksessä käytetään tunnuslukua nimeltä {sharpeRatioLink}. Jos käyttäjä on ollut Shareville-jäsen alle vuoden, määrityksessä katsotaan viimeisten 30 päivän kehitystä.",https://www.nordnet.fi/osakkeet/kurssit/tgs-xosl,2026-10-05T12:10:25Z
TGS,nordnet_fi,,"SHAREVILLE.RATINGS_DRAWER.HOW_IT_WORKS"":""Miten luokitus toimii?",https://www.nordnet.fi/osakkeet/kurssit/tgs-xosl,2026-10-05T12:10:25Z
TGS,nordnet_fi,,"SHAREVILLE.RATINGS_DRAWER.POSITIVE_DEVELOPMENT_DESCRIPTION_UPDATED"":""Käyttäjillä, joilla on yksi tähti, kuuluvat Shareville-jäsenten top 75 %:iin.",https://www.nordnet.fi/osakkeet/kurssit/tgs-xosl,2026-10-05T12:10:25Z
TGS,nordnet_fi,,"SHAREVILLE.RATINGS_DRAWER.POSITIVE_DEVELOPMENT_DESCRIPTION"":""Yhden tähden salkut ovat kerryttäneet positiivista tuottoa.",https://www.nordnet.fi/osakkeet/kurssit/tgs-xosl,2026-10-05T12:10:25Z
TGS,nordnet_fi,,"SHAREVILLE.RATINGS_DRAWER.POSITIVE_DEVELOPMENT"":""Positiivisen tuoton omaavat salkut",https://www.nordnet.fi/osakkeet/kurssit/tgs-xosl,2026-10-05T12:10:25Z
TGS,nordnet_fi,,"SHAREVILLE.RATINGS_DRAWER.SHARPE_RATIO_LINK"":""https://www.nordnet.fi/koulu/sharpen-luku",https://www.nordnet.fi/osakkeet/kurssit/tgs-xosl,2026-10-05T12:10:25Z
TGS,nordnet_fi,,"SHAREVILLE.RATINGS_DRAWER.SHARPE_RATIO"":""Sharpen luku",https://www.nordnet.fi/osakkeet/kurssit/tgs-xosl,2026-10-05T12:10:25Z
TGS,nordnet_fi,,"SHAREVILLE.RATINGS_DRAWER.TITLE"":""Luokitus",https://www.nordnet.fi/osakkeet/kurssit/tgs-xosl,2026-10-05T12:10:25Z
TGS,nordnet_fi,,"SHAREVILLE.RATINGS_DRAWER.TOP_10_PERCENT_DESCRIPTION_UPDATED"":""Käyttäjillä, joilla on kolme tähteä, on salkku, jonka riskikorjattu tuotto kuuluu Sharevillen parhaaseen kymmenykseen. Kolme tähteä voi saada vain, jos salkun kehityksestä on vähintään vuoden ajalta dataa.",https://www.nordnet.fi/osakkeet/kurssit/tgs-xosl,2026-10-05T12:10:25Z
TGS,nordnet_fi,,"NORDNET_SOCIAL.SHAREVILLE.RATINGS_DRAWER.TOP_10_PERCENT_DESCRIPTION_UPDATED"":""Käyttäjillä, joilla on kolme tähteä, on salkku, jonka riskikorjattu tuotto kuuluu Nordnet Socialin parhaaseen kymmenykseen. Kolme tähteä voi saada vain, jos salkun kehityksestä on vähintään vuoden ajalta dataa.",https://www.nordnet.fi/osakkeet/kurssit/tgs-xosl,2026-10-05T12:10:25Z
TGS,nordnet_fi,,"SHAREVILLE.RATINGS_DRAWER.TOP_10_PERCENT_DESCRIPTION"":""Kolme tähteä omaavien käyttäjien salkun riskikorjattu tuotto on Sharevillessä jaetuista salkuista parhaan 10 %:n joukossa.",https://www.nordnet.fi/osakkeet/kurssit/tgs-xosl,2026-10-05T12:10:25Z
TGS,nordnet_fi,,"NORDNET_SOCIAL.SHAREVILLE.RATINGS_DRAWER.TOP_10_PERCENT_DESCRIPTION"":""Kolme tähteä omaavien käyttäjien salkun riskikorjattu tuotto on Nordnet Socialissa jaetuista salkuista parhaan 10 %:n joukossa.",https://www.nordnet.fi/osakkeet/kurssit/tgs-xosl,2026-10-05T12:10:25Z
TGS,nordnet_fi,,"SHAREVILLE.RATINGS_DRAWER.TOP_10_PERCENT"":""Parhaat 10 % Sharevillessä jaetuista salkuista",https://www.nordnet.fi/osakkeet/kurssit/tgs-xosl,2026-10-05T12:10:25Z
TGS,nordnet_fi,,"SHAREVILLE.RATINGS_DRAWER.ZERO_RATING_DESCRIPTION_UPDATED"":""Käyttäjät, joilla ei ole yhtään tähteä, kuuluvat Sharevillen alimpaan neljännekseen.",https://www.nordnet.fi/osakkeet/kurssit/tgs-xosl,2026-10-05T12:10:25Z
TGS,nordnet_fi,,"SHAREVILLE.RATINGS_DRAWER.ZERO_RATING_DESCRIPTION"":""Tähdettömillä salkuilla on joko negatiivinen riskikorjattu tuotto tai ne eivät ole liikkuneet suuntaan eivätkä toiseen.",https://www.nordnet.fi/osakkeet/kurssit/tgs-xosl,2026-10-05T12:10:25Z
TGS,nordnet_fi,,"SHAREVILLE.RATINGS_DRAWER.ZERO_RATING"":""Negatiivinen tuotto tai ei kehitystä",https://www.nordnet.fi/osakkeet/kurssit/tgs-xosl,2026-10-05T12:10:25Z
TGS,nordnet_fi,,"INSTRUMENT_TABLES.ETP_TABLE.GLOSSARY_DRAWER.DESCRIPTION.RATING"":""Morningstar Rating luokittelee rahastot kategorioittain, perustuen niiden historialliseen kehitykseen ja ottaen huomioon riskitason ja juoksevat kulut.",https://www.nordnet.fi/osakkeet/kurssit/tgs-xosl,2026-10-05T12:10:25Z
TGS,nordnet_fi,,"INSTRUMENT_TABLES.ETP_TABLE.GLOSSARY_DRAWER.TITLE.RATING"":""Rating",https://www.nordnet.fi/osakkeet/kurssit/tgs-xosl,2026-10-05T12:10:25Z
TGS,nordnet_fi,,"INSTRUMENT_TABLES.FILTERS.RATING"":""Rating",https://www.nordnet.fi/osakkeet/kurssit/tgs-xosl,2026-10-05T12:10:25Z
TGS,nordnet_fi,,"INSTRUMENT_TABLES.FILTERS.FUND_MS_RATING"":""Rating",https://www.nordnet.fi/osakkeet/kurssit/tgs-xosl,2026-10-05T12:10:25Z
TGS,nordnet_fi,,"INSTRUMENT_TABLES.FUND_TABLE.COLUMNS.RATING"":""Rating",https://www.nordnet.fi/osakkeet/kurssit/tgs-xosl,2026-10-05T12:10:25Z
TGS,nordnet_fi,,"PAGE_INSTRUMENT.ANALYST_RATINGS.BOTTOM_DISCLAIMERS.UPDATED_AT"":""FactSet-data päivitetty {date}",https://www.nordnet.fi/osakkeet/kurssit/tgs-xosl,2026-10-05T12:10:25Z
TGS,nordnet_fi,,"PAGE_INSTRUMENT.ANALYST_RATINGS.BOTTOM_DISCLAIMERS.DISCLAIMER_1"":""Historiallinen kehitys ei ole tae tulevasta tuotosta. Tavoitehinnat eivät ole luotettava indikaattori tulevasta kehityksestä. Huomioi, että sijoittamiseen liittyy aina riski.",https://www.nordnet.fi/osakkeet/kurssit/tgs-xosl,2026-10-05T12:10:25Z
TGS,nordnet_fi,,"PAGE_INSTRUMENT.ANALYST_RATINGS.BOTTOM_DISCLAIMERS.DISCLAIMER_2"":""Esitetyt tiedot, mukaan lukien tavoitehinnat, ovat kolmansien osapuolten tuottamia sijoitussuosituksia, joiden tuottamiseen, käsittelyyn tai valintaan Nordnet ei ole osallistunut, eikä niissä ole otettu huomioon henkilökohtaisia olosuhteitasi.\",https://www.nordnet.fi/osakkeet/kurssit/tgs-xosl,2026-10-05T12:10:25Z
TGS,nordnet_fi,,"PAGE_INSTRUMENT.ANALYST_RATINGS.BOTTOM_DISCLAIMERS.DISCLAIMER_3"":""Selkeyden vuoksi olemme sisällyttäneet analyytikkosuositukset \\""Ylipainota\\"" ja \\""Alipainota\\"" suosituksiin \\""Osta\\"" ja \\""Myy\\"".",https://www.nordnet.fi/osakkeet/kurssit/tgs-xosl,2026-10-05T12:10:25Z
TGS,nordnet_fi,,"PAGE_INSTRUMENT.ANALYST_RATINGS.ALERTS.DATA_FETCH_ERROR"":""Analyysitietoja ei voitu noutaa.",https://www.nordnet.fi/osakkeet/kurssit/tgs-xosl,2026-10-05T12:10:25Z
TGS,nordnet_fi,,"PAGE_INSTRUMENT.ANALYST_RATINGS.ALERT.NO_DATA"":""Tälle osakkeelle ei löytynyt analyysidataa.",https://www.nordnet.fi/osakkeet/kurssit/tgs-xosl,2026-10-05T12:10:25Z
TGS,nordnet_fi,,"PAGE_INSTRUMENT.ANALYST_RATINGS.ANALYST_RECOMMENDATIONS.TITLE"":""Analyytikoiden suositukset",https://www.nordnet.fi/osakkeet/kurssit/tgs-xosl,2026-10-05T12:10:25Z
TGS,nordnet_fi,,"PAGE_INSTRUMENT.ANALYST_RATINGS.ANALYST_RECOMMENDATIONS.SUBTITLE"":""Analyytikoiden näkemykset osakkeen nousu- tai laskupotentiaalista.",https://www.nordnet.fi/osakkeet/kurssit/tgs-xosl,2026-10-05T12:10:25Z
TGS,nordnet_fi,,"PAGE_INSTRUMENT.ANALYST_RATINGS.ANALYST_RECOMMENDATIONS.ABOUT_BUTTON"":""Tietoa analyytikoiden suosituksista",https://www.nordnet.fi/osakkeet/kurssit/tgs-xosl,2026-10-05T12:10:25Z
TGS,nordnet_fi,,"PAGE_INSTRUMENT.ANALYST_RATINGS.ANALYST_RECOMMENDATIONS.DISCLAIMER_OWNED_BY_NORDNET"":""Nordnet AB (publ) omistaa välillisesti yli 0,5 % yhtiön ulkona olevasta osakekannasta.",https://www.nordnet.fi/osakkeet/kurssit/tgs-xosl,2026-10-05T12:10:25Z
TGS,nordnet_fi,,"PAGE_INSTRUMENT.ANALYST_RATINGS.ANALYST_RECOMMENDATIONS.CURRENT_RECOMMENDATIONS.NO_DATA_HISTORICAL"":""Ei suosituksia saatavilla kuulle {month}",https://www.nordnet.fi/osakkeet/kurssit/tgs-xosl,2026-10-05T12:10:25Z
TGS,nordnet_fi,,"PAGE_INSTRUMENT.ANALYST_RATINGS.ANALYST_RECOMMENDATIONS.CURRENT_RECOMMENDATIONS.NO_DATA_CURRENT_MONTH"":""Ei tuoreita suosituksia saatavilla",https://www.nordnet.fi/osakkeet/kurssit/tgs-xosl,2026-10-05T12:10:25Z
TGS,nordnet_fi,,"PAGE_INSTRUMENT.ANALYST_RATINGS.ANALYST_RECOMMENDATIONS.CURRENT_RECOMMENDATIONS.CURRENT_MONTH_SINGULAR"":""1 tavoitehinta viimeisten {windowSize} päivän aikana",https://www.nordnet.fi/osakkeet/kurssit/tgs-xosl,2026-10-05T12:10:25Z
TGS,nordnet_fi,,"PAGE_INSTRUMENT.ANALYST_RATINGS.ANALYST_RECOMMENDATIONS.CURRENT_RECOMMENDATIONS.CURRENT_MONTH_PLURAL"":""Suositusta viimeisten {windowSize} päivän aikana",https://www.nordnet.fi/osakkeet/kurssit/tgs-xosl,2026-10-05T12:10:25Z
TGS,nordnet_fi,,"PAGE_INSTRUMENT.ANALYST_RATINGS.ANALYST_RECOMMENDATIONS.CURRENT_RECOMMENDATIONS.HISTORICAL_DATA"":""Datan kattavuus: {windowSize} päivää {month}n loppuun",https://www.nordnet.fi/osakkeet/kurssit/tgs-xosl,2026-10-05T12:10:25Z
TGS,nordnet_fi,,"PAGE_INSTRUMENT.ANALYST_RATINGS.ANALYST_RECOMMENDATIONS.CURRENT_RECOMMENDATIONS.BUY"":""Osta",https://www.nordnet.fi/osakkeet/kurssit/tgs-xosl,2026-10-05T12:10:25Z
TGS,nordnet_fi,,"PAGE_INSTRUMENT.ANALYST_RATINGS.ANALYST_RECOMMENDATIONS.CURRENT_RECOMMENDATIONS.HOLD"":""Pidä",https://www.nordnet.fi/osakkeet/kurssit/tgs-xosl,2026-10-05T12:10:25Z
TGS,nordnet_fi,,"PAGE_INSTRUMENT.ANALYST_RATINGS.ANALYST_RECOMMENDATIONS.CURRENT_RECOMMENDATIONS.SELL"":""Myy",https://www.nordnet.fi/osakkeet/kurssit/tgs-xosl,2026-10-05T12:10:25Z
TGS,nordnet_fi,,"PAGE_INSTRUMENT.ANALYST_RATINGS.ANALYST_RECOMMENDATIONS.CURRENT_RECOMMENDATIONS.RATINGS_BAR_GRAPH.PERCENTAGE"":""{percentage}%",https://www.nordnet.fi/osakkeet/kurssit/tgs-xosl,2026-10-05T12:10:25Z
TGS,nordnet_fi,,"PAGE_INSTRUMENT.ANALYST_RATINGS.ANALYST_RECOMMENDATIONS.CURRENT_RECOMMENDATIONS.RATINGS_BAR_GRAPH.ACCESSIBILITY_LABEL"":""Suositus {count} / {total}",https://www.nordnet.fi/osakkeet/kurssit/tgs-xosl,2026-10-05T12:10:25Z
TGS,nordnet_fi,,"PAGE_INSTRUMENT.ANALYST_RATINGS.ANALYST_RECOMMENDATIONS.CURRENT_RECOMMENDATIONS.DONUT_CHART.SUBTITLE"":""yhteensä",https://www.nordnet.fi/osakkeet/kurssit/tgs-xosl,2026-10-05T12:10:25Z
TGS,nordnet_fi,,"PAGE_INSTRUMENT.ANALYST_RATINGS.ANALYST_RECOMMENDATIONS.CURRENT_RECOMMENDATIONS.RECOMMENDATIONS_OVER_TIME.TITLE"":""Suositusten kehitys",https://www.nordnet.fi/osakkeet/kurssit/tgs-xosl,2026-10-05T12:10:25Z
TGS,nordnet_fi,,"PAGE_INSTRUMENT.ANALYST_RATINGS.ANALYST_RECOMMENDATIONS.CURRENT_RECOMMENDATIONS.RECOMMENDATIONS_OVER_TIME.STACKED_BAR_LABEL.BUY"":""Osta",https://www.nordnet.fi/osakkeet/kurssit/tgs-xosl,2026-10-05T12:10:25Z
TGS,nordnet_fi,,"PAGE_INSTRUMENT.ANALYST_RATINGS.ANALYST_RECOMMENDATIONS.CURRENT_RECOMMENDATIONS.RECOMMENDATIONS_OVER_TIME.STACKED_BAR_LABEL.HOLD"":""Pidä",https://www.nordnet.fi/osakkeet/kurssit/tgs-xosl,2026-10-05T12:10:25Z
TGS,nordnet_fi,,"PAGE_INSTRUMENT.ANALYST_RATINGS.ANALYST_RECOMMENDATIONS.CURRENT_RECOMMENDATIONS.RECOMMENDATIONS_OVER_TIME.STACKED_BAR_LABEL.SELL"":""Myy",https://www.nordnet.fi/osakkeet/kurssit/tgs-xosl,2026-10-05T12:10:25Z
TGS,nordnet_fi,,"PAGE_INSTRUMENT.ANALYST_RATINGS.ANALYST_RECOMMENDATIONS.CURRENT_RECOMMENDATIONS.RECOMMENDATIONS_OVER_TIME.STACKED_BAR.ACCESSIBILITY_LABEL"":""Aiemmat suositukset päivämäärällä {date}",https://www.nordnet.fi/osakkeet/kurssit/tgs-xosl,2026-10-05T12:10:25Z
TGS,nordnet_fi,,"PAGE_INSTRUMENT.ANALYST_RATINGS.ANALYST_RECOMMENDATIONS.RECOMMENDATIONS_OVER_TIME.STACKED_BAR.ACCESSIBILITY_LABEL"":""{recommendation}: {percentage}%",https://www.nordnet.fi/osakkeet/kurssit/tgs-xosl,2026-10-05T12:10:25Z
TGS,nordnet_fi,,"PAGE_INSTRUMENT.ANALYST_RATINGS.ANALYST_RECOMMENDATIONS.RECOMMENDATIONS_OVER_TIME.STACKED_BAR.NO_DATA_ACCESSIBILITY_LABEL"":""Dataa ei löytynyt",https://www.nordnet.fi/osakkeet/kurssit/tgs-xosl,2026-10-05T12:10:25Z
TGS,nordnet_fi,,"PAGE_INSTRUMENT.ANALYST_RATINGS.ANALYST_RECOMMENDATIONS.RECOMMENDATIONS_OVER_TIME.SKELETON.LOADING.ACCESSIBILITY_LABEL"":""Ladataan tämänhetkisiä suosituksia",https://www.nordnet.fi/osakkeet/kurssit/tgs-xosl,2026-10-05T12:10:25Z
TGS,nordnet_fi,,"PAGE_INSTRUMENT.ANALYST_RATINGS.PRICE_TARGETS.TITLE"":""Tavoitehinnat",https://www.nordnet.fi/osakkeet/kurssit/tgs-xosl,2026-10-05T12:10:25Z
TGS,nordnet_fi,,"PAGE_INSTRUMENT.ANALYST_RATINGS.PRICE_TARGETS.SUBTITLE"":""Analyytikoiden arvio osakkeen tulevasta hinnasta.",https://www.nordnet.fi/osakkeet/kurssit/tgs-xosl,2026-10-05T12:10:25Z
TGS,nordnet_fi,,"PAGE_INSTRUMENT.ANALYST_RATINGS.PRICE_TARGETS.ABOUT_BUTTON"":""Tietoa tavoitehinnoista",https://www.nordnet.fi/osakkeet/kurssit/tgs-xosl,2026-10-05T12:10:25Z
TGS,nordnet_fi,,"PAGE_INSTRUMENT.ANALYST_RATINGS.HOW_IT_WORKS_DRAWER.TITLE"":""Näin analyysit toimivat",https://www.nordnet.fi/osakkeet/kurssit/tgs-xosl,2026-10-05T12:10:25Z
TGS,nordnet_fi,,"PAGE_INSTRUMENT.ANALYST_RATINGS.HOW_IT_WORKS_DRAWER.TABS.RECOMMENDATIONS"":""Suositukset",https://www.nordnet.fi/osakkeet/kurssit/tgs-xosl,2026-10-05T12:10:25Z
TGS,nordnet_fi,,"PAGE_INSTRUMENT.ANALYST_RATINGS.HOW_IT_WORKS_DRAWER.TABS.PRICE_TARGETS"":""Tavoitehinnat",https://www.nordnet.fi/osakkeet/kurssit/tgs-xosl,2026-10-05T12:10:25Z
TGS,nordnet_fi,,"PAGE_INSTRUMENT.ANALYST_RATINGS.HOW_IT_WORKS_DRAWER.ABOUT_RECOMMENDATIONS"":""Suositukset perustuvat julkaisuhetken olosuhteisiin. Huomioithan, että suositukset voivat olla 90 päivää vanhoja. Jos analyytikko on julkaissut useita suosituksia viimeisen 90 päivän aikana, datassa on mukana uusin suositus. Tee oma arviosi ja älä perusta sijoituspäätöksiä ainoastaan analyytikoiden näkemyksiin.",https://www.nordnet.fi/osakkeet/kurssit/tgs-xosl,2026-10-05T12:10:25Z
TGS,nordnet_fi,,"PAGE_INSTRUMENT.ANALYST_RATINGS.HOW_IT_WORKS_DRAWER.ABOUT_PRICE_TARGETS"":""Tavoitehinnat perustuvat julkaisuhetken olosuhteisiin. Huomioithan, että tavoitehinnat voivat olla 90 päivää vanhoja. Jos analyytikko on julkaissut useita tavoitehintoja viimeisen 90 päivän aikana, datassa on mukana uusin tavoitehinta. Tee oma arviosi ja älä perusta sijoituspäätöksiä ainoastaan analyytikoiden näkemyksiin.",https://www.nordnet.fi/osakkeet/kurssit/tgs-xosl,2026-10-05T12:10:25Z
TGS,nordnet_fi,,"PAGE_INSTRUMENT.ANALYST_RATINGS.LOGGED_OUT.TITLE"":""Analyytikkodatan tarkastelu edellyttää sisäänkirjautumista",https://www.nordnet.fi/osakkeet/kurssit/tgs-xosl,2026-10-05T12:10:25Z
TGS,nordnet_fi,,"PAGE_INSTRUMENT.ANALYST_RATINGS.LOGGED_OUT.INFORMATION"":""Analyytikoiden suositukset ja tavoitehinnat ovat saatavilla vain sisäänkirjautuneille asiakkaille.",https://www.nordnet.fi/osakkeet/kurssit/tgs-xosl,2026-10-05T12:10:25Z
TGS,nordnet_fi,,"PAGE_INSTRUMENT.ANALYST_RATINGS.LOGGED_OUT.LOG_IN_BUTTON"":""Kirjaudu sisään",https://www.nordnet.fi/osakkeet/kurssit/tgs-xosl,2026-10-05T12:10:25Z
TGS,nordnet_fi,,"PAGE_INSTRUMENT.ANALYST_RATINGS.PRICE_TARGETS_AND_DAYS_INFO"":""{numberOfEstimates, plural, one {1 tavoitehinta} other {# tavoitehintaa}} viimeisten {windowSize} päivän aikana",https://www.nordnet.fi/osakkeet/kurssit/tgs-xosl,2026-10-05T12:10:25Z
TGS,nordnet_fi,,"PAGE_INSTRUMENT.ANALYST_RATINGS.PRICE_TARGETS_CHART.MEAN_DOT"":""Ka.",https://www.nordnet.fi/osakkeet/kurssit/tgs-xosl,2026-10-05T12:10:25Z
TGS,nordnet_fi,,"PAGE_INSTRUMENT.ANALYST_RATINGS.PRICE_TARGETS_CHART.HIGH_DOT"":""Ylin",https://www.nordnet.fi/osakkeet/kurssit/tgs-xosl,2026-10-05T12:10:25Z
TGS,nordnet_fi,,"PAGE_INSTRUMENT.ANALYST_RATINGS.PRICE_TARGETS_CHART.LOW_DOT"":""Alin",https://www.nordnet.fi/osakkeet/kurssit/tgs-xosl,2026-10-05T12:10:25Z
TGS,nordnet_fi,,"PAGE_INSTRUMENT.ANALYST_RATINGS.PRICE_TARGETS_CONTROLS.PERIOD_YEAR_1"":""Viimeiset 12 kk",https://www.nordnet.fi/osakkeet/kurssit/tgs-xosl,2026-10-05T12:10:25Z
TGS,nordnet_fi,,"PAGE_INSTRUMENT.ANALYST_RATINGS.PRICE_TARGETS_CONTROLS.PERIOD_MONTH_6"":""Viimeiset 6 kk",https://www.nordnet.fi/osakkeet/kurssit/tgs-xosl,2026-10-05T12:10:25Z
TGS,nordnet_fi,,"PAGE_INSTRUMENT.ANALYST_RATINGS.PRICE_TARGETS_CONTROLS.PERIOD_MONTH_3"":""Viimeiset 3 kk",https://www.nordnet.fi/osakkeet/kurssit/tgs-xosl,2026-10-05T12:10:25Z
TGS,nordnet_fi,,"PAGE_INSTRUMENT.ANALYST_RATINGS.PRICE_TARGETS_CONTROLS.PERIOD_ALL"":""Kaikki",https://www.nordnet.fi/osakkeet/kurssit/tgs-xosl,2026-10-05T12:10:25Z
TGS,nordnet_fi,,"PAGE_INSTRUMENT.ANALYST_RATINGS.PRICE_TARGETS_CONTROLS.NO_HISTORY"":""Ei historiatietoja",https://www.nordnet.fi/osakkeet/kurssit/tgs-xosl,2026-10-05T12:10:25Z
TGS,nordnet_fi,,"PAGE_INSTRUMENT.ANALYST_RATINGS.PRICE_TARGETS_CONTROLS.PERIOD_SELECTOR_LABEL"":""Valitse aikaväli",https://www.nordnet.fi/osakkeet/kurssit/tgs-xosl,2026-10-05T12:10:25Z
TGS,nordnet_fi,,"PAGE_INSTRUMENT.ANALYST_RATINGS.PRICE_TARGETS_CONTROLS.PERCENT_TOGGLE_LABEL"":""Valitse prosentti tai valuutta",https://www.nordnet.fi/osakkeet/kurssit/tgs-xosl,2026-10-05T12:10:25Z
TGS,nordnet_fi,,"PAGE_INSTRUMENT.ANALYST_RATINGS.PRICE_TARGETS_RANGE.DESCRIPTION"":""Tavoitehinnat · 1 v ennuste",https://www.nordnet.fi/osakkeet/kurssit/tgs-xosl,2026-10-05T12:10:25Z
TGS,nordnet_fi,,"PAGE_INSTRUMENT.ANALYST_RATINGS.PRICE_TARGETS_RANGE.NO_TARGETS"":""Ei tavoitehintoja",https://www.nordnet.fi/osakkeet/kurssit/tgs-xosl,2026-10-05T12:10:25Z
TGS,nordnet_fi,,"PAGE_INSTRUMENT.ANALYST_RATINGS.PRICE_TARGETS_RANGE.TARGET_INTERVAL"":""{low}–{high} {unit}",https://www.nordnet.fi/osakkeet/kurssit/tgs-xosl,2026-10-05T12:10:25Z
TGS,nordnet_fi,,"PAGE_INSTRUMENT.ANALYST_RATINGS.PRICE_TARGETS_RANGE.TARGET_SIMPLE"":""{mean} {unit}",https://www.nordnet.fi/osakkeet/kurssit/tgs-xosl,2026-10-05T12:10:25Z
TGS,nordnet_fi,,"PAGE_INSTRUMENT.ABOUT.MORNINGSTAR_RATING"":""Morningstar rating",https://www.nordnet.fi/osakkeet/kurssit/tgs-xosl,2026-10-05T12:10:25Z
TGS,nordnet_fi,,"PAGE_INSTRUMENT.FINANCIALS.OPERATING_EXPENSES_AND_DEPRECATIONS"":""Liiketoiminnan kulut + arvonalennukset",https://www.nordnet.fi/osakkeet/kurssit/tgs-xosl,2026-10-05T12:10:25Z
TGS,nordnet_fi,,"PAGE_INSTRUMENT.FINANCIALS.OPERATING_REVENUES"":""Liiketoiminnan tuotot",https://www.nordnet.fi/osakkeet/kurssit/tgs-xosl,2026-10-05T12:10:25Z
TGS,nordnet_fi,,"PAGE_INSTRUMENT.FINANCIALS.OPERATING_REVENUES_AFTER_DEPRECATIONS"":""Liiketoiminnan tuotot arvonalennusten jälkeen",https://www.nordnet.fi/osakkeet/kurssit/tgs-xosl,2026-10-05T12:10:25Z
TGS,nordnet_fi,,"PAGE_INSTRUMENT.FINANCIAL_OVERVIEW.DATA.OPERATINGEXPENSE"":""Juoksevat kulut",https://www.nordnet.fi/osakkeet/kurssit/tgs-xosl,2026-10-05T12:10:25Z
TGS,nordnet_fi,,"PAGE_INSTRUMENT.FINANCIAL_OVERVIEW.DATA.OPERATINGINCOME"":""Liikevoitto",https://www.nordnet.fi/osakkeet/kurssit/tgs-xosl,2026-10-05T12:10:25Z
TGS,nordnet_fi,,"PAGE_INSTRUMENT.FINANCIAL_OVERVIEW.DATA.CASHFLOWOPERATING"":""Kassavirta liiketoiminnasta",https://www.nordnet.fi/osakkeet/kurssit/tgs-xosl,2026-10-05T12:10:25Z
TGS,nordnet_fi,,"PAGE_INSTRUMENT.MORNING_STAR_RATING"":""Morningstar rating",https://www.nordnet.fi/osakkeet/kurssit/tgs-xosl,2026-10-05T12:10:25Z
TGS,nordnet_fi,,"PAGE_INSTRUMENT_SUSTAINABILITY.AVERAGE_VALUE"":""Keskimääräinen rating kategorialle",https://www.nordnet.fi/osakkeet/kurssit/tgs-xosl,2026-10-05T12:10:25Z
TGS,nordnet_fi,,"PAGE_INSTRUMENT_SUSTAINABILITY.DRAWER_TITLE"":""Tietoa vastuullisuusratingista",https://www.nordnet.fi/osakkeet/kurssit/tgs-xosl,2026-10-05T12:10:25Z
TGS,nordnet_fi,,"PAGE_INSTRUMENT_SUSTAINABILITY.SUSTAINABILITY_DATA_TEXT"":""Morningstarin vastuullisuusrating kertoo, miten hyvin rahaston salkusta löytyvät yhtiöt ja muut omistukset hallitsevat ympäristöasioihin, sosiaaliseen vastuuseen ja hallintotapaan (ESG) liittyviä riskejä suhteessa muihin saman kategorian rahastoihin globaalisti.",https://www.nordnet.fi/osakkeet/kurssit/tgs-xosl,2026-10-05T12:10:25Z
TGS,nordnet_fi,,"PAGE_INSTRUMENT_SUSTAINABILITY.SUSTAINABILITY_DATA_TITLE"":""Vastuullisuusrating",https://www.nordnet.fi/osakkeet/kurssit/tgs-xosl,2026-10-05T12:10:25Z
TGS,nordnet_fi,,"PAGE_INSTRUMENT_SUSTAINABILITY.SUSTAINABILITY_SCORE"":""Vastuullisuusrating",https://www.nordnet.fi/osakkeet/kurssit/tgs-xosl,2026-10-05T12:10:25Z
TGS,nordnet_fi,,"PAGE_INSTRUMENT.STOCK.FEEDBACK_WIDGET.RATING_TITLE_PAGE"":""Kuinka tyytyväinen olet tähän osakenäkymään?",https://www.nordnet.fi/osakkeet/kurssit/tgs-xosl,2026-10-05T12:10:25Z
TGS,nordnet_fi,,"PAGE_MONTHLY_SAVINGS.FAQ.NO.ANSWER_4"":""Ja. Under menyen «Mine sider» og «Avtalegiro» kan du enkelt aktivere Avtalegiro med BankID og BankID på Mobil. Gå så inn i nettbanken din etter du har fullført prosessen og sjekk at den er aktivert, og evt. godkjenn avtalen, hvis det kreves. Vi anbefaler at trekk i avtalegiroen er minimum tre dager før spareavtalen.",https://www.nordnet.fi/osakkeet/kurssit/tgs-xosl,2026-10-05T12:10:25Z
TGS,nordnet_fi,,"PAGE_RESEARCH_PORTAL.LIST.COL_RECOMMENDATION"":""Suositus",https://www.nordnet.fi/osakkeet/kurssit/tgs-xosl,2026-10-05T12:10:25Z
TGS,nordnet_fi,,"PAGE_RESEARCH_PORTAL.LIST.COL_TARGET_DEVELOPMENT"":""Tavoite",https://www.nordnet.fi/osakkeet/kurssit/tgs-xosl,2026-10-05T12:10:25Z
TGS,nordnet_fi,,"PAGE_RESEARCH_PORTAL.RECOMMENDATION"":""Suositus",https://www.nordnet.fi/osakkeet/kurssit/tgs-xosl,2026-10-05T12:10:25Z
TGS,nordnet_fi,,"PAGE_RESEARCH_PORTAL.REPORT.RISK_NOTE"":""Historiallinen kehitys ei ole tae tulevasta tuotosta, eivätkä tavoitehinnat ole luotettava indikaattori tulevista tuloksista. Sijoittamiseen liittyy aina riskejä.",https://www.nordnet.fi/osakkeet/kurssit/tgs-xosl,2026-10-05T12:10:25Z
TGS,nordnet_fi,,"PAGE_RESEARCH_PORTAL.REPORT.TARGET_DEVELOPMENT"":""Tavoitehinta",https://www.nordnet.fi/osakkeet/kurssit/tgs-xosl,2026-10-05T12:10:25Z
TGS,nordnet_fi,,"PAGE_RESEARCH_PORTAL.REPORT.TARGET_PRICE"":""Tavoitehinta",https://www.nordnet.fi/osakkeet/kurssit/tgs-xosl,2026-10-05T12:10:25Z
TGS,nordnet_fi,,"PAGE_RESEARCH_PORTAL.REPORT.TARGET_PRICE_WITH_CURRENCY"":""Tavoitehinta ({currency})",https://www.nordnet.fi/osakkeet/kurssit/tgs-xosl,2026-10-05T12:10:25Z
TGS,nordnet_fi,,"key"":""hasSeenAnalystRatings""",https://www.nordnet.fi/osakkeet/kurssit/tgs-xosl,2026-10-05T12:10:25Z
TGS,nordnet_fi,,"key"":""md-15589-promo-sheet-for-analyst-ratings",https://www.nordnet.fi/osakkeet/kurssit/tgs-xosl,2026-10-05T12:10:25Z
TGS,nordnet_fi,,"key"":""md-disco-16474-mms-horizon-initiate-transfer-app",https://www.nordnet.fi/osakkeet/kurssit/tgs-xosl,2026-10-05T12:10:25Z
TGS,nordnet_fi,,"key"":""acj-504-mms-horizon-initiate-transfer-web",https://www.nordnet.fi/osakkeet/kurssit/tgs-xosl,2026-10-05T12:10:25Z
TGS,nordnet_fi,,"key"":""target_delivery_sweden",https://www.nordnet.fi/osakkeet/kurssit/tgs-xosl,2026-10-05T12:10:25Z
TGS,nordnet_fi,,"key"":""target_delivery_fi_dk_no",https://www.nordnet.fi/osakkeet/kurssit/tgs-xosl,2026-10-05T12:10:25Z
TGS,nordnet_fi,,"key"":""targeted_delivery_-_text_size",https://www.nordnet.fi/osakkeet/kurssit/tgs-xosl,2026-10-05T12:10:25Z
TGS,nordnet_fi,,"key"":""targeted-delivery",https://www.nordnet.fi/osakkeet/kurssit/tgs-xosl,2026-10-05T12:10:25Z
TGS,nordnet_fi,,"key"":""target_delivery",https://www.nordnet.fi/osakkeet/kurssit/tgs-xosl,2026-10-05T12:10:25Z
TGS,nordnet_fi,,"operatingMic"":""XOSL",https://www.nordnet.fi/osakkeet/kurssit/tgs-xosl,2026-10-05T12:10:25Z
TGS,nordnet_fi,,"name"":""Finwire""},""headline"":""SEB höjer TGS till köp (behåll), riktkurs 173 norska kronor (130)",https://www.nordnet.fi/osakkeet/kurssit/tgs-xosl,2026-10-05T12:10:25Z
TGS,nordnet_fi,,"name"":""Finwire""},""headline"":""SEB sänker riktkursen för TGS till 130 norska kronor (137), upprepar behåll",https://www.nordnet.fi/osakkeet/kurssit/tgs-xosl,2026-10-05T12:10:25Z
TGS,nordnet_fi,,"name"":""Finwire""},""headline"":""DNB Carnegie sänker riktkursen för TGS till 110 norska kronor (115), upprepar sälj",https://www.nordnet.fi/osakkeet/kurssit/tgs-xosl,2026-10-05T12:10:25Z
TGS,nordnet_fi,,"name"":""Finwire""},""headline"":""Danske Bank sänker TGS till sälj (behåll), riktkurs 130 norska kronor - BN",https://www.nordnet.fi/osakkeet/kurssit/tgs-xosl,2026-10-05T12:10:25Z
TGS,nordnet_fi,,"keyFigureType"":""OPERATING_EXPENSES",https://www.nordnet.fi/osakkeet/kurssit/tgs-xosl,2026-10-05T12:10:25Z
TGS,nordnet_fi,,"displayName"":""2025""}],""keyFigurePath"":""/company-data/v1/key-figures/operating-expenses/instruments",https://www.nordnet.fi/osakkeet/kurssit/tgs-xosl,2026-10-05T12:10:25Z
TGS,nordnet_fi,,"displayName"":""FactSet""}],""keyFigureTypeId"":""operating-expenses""",https://www.nordnet.fi/osakkeet/kurssit/tgs-xosl,2026-10-05T12:10:25Z
TGS,nordnet_fi,,"keyFigureType"":""OPERATING_INCOME",https://www.nordnet.fi/osakkeet/kurssit/tgs-xosl,2026-10-05T12:10:25Z
TGS,nordnet_fi,,"displayName"":""2025""}],""keyFigurePath"":""/company-data/v1/key-figures/operating-income/instruments",https://www.nordnet.fi/osakkeet/kurssit/tgs-xosl,2026-10-05T12:10:25Z
TGS,nordnet_fi,,"displayName"":""FactSet""}],""keyFigureTypeId"":""operating-income""",https://www.nordnet.fi/osakkeet/kurssit/tgs-xosl,2026-10-05T12:10:25Z
TGS,nordnet_fi,,"keyFigureType"":""OPERATING_CASH_FLOW",https://www.nordnet.fi/osakkeet/kurssit/tgs-xosl,2026-10-05T12:10:25Z
TGS,nordnet_fi,,"displayName"":""2025""}],""keyFigurePath"":""/company-data/v1/key-figures/operating-cash-flow/instruments",https://www.nordnet.fi/osakkeet/kurssit/tgs-xosl,2026-10-05T12:10:25Z
TGS,nordnet_fi,,"displayName"":""FactSet""}],""keyFigureTypeId"":""operating-cash-flow""",https://www.nordnet.fi/osakkeet/kurssit/tgs-xosl,2026-10-05T12:10:25Z
TGS,nordnet_fi,,"rating"":2,""joinedAt"":1413225313037,""followerCount"":28,""followingCount"":18},""reactions"":[{""type"":""LIKE",https://www.nordnet.fi/osakkeet/kurssit/tgs-xosl,2026-10-05T12:10:25Z
TGS,nordnet_fi,,"rating"":null,""joinedAt"":1659443209020,""followerCount"":16,""followingCount"":7},""reactions"":[{""type"":""LIKE",https://www.nordnet.fi/osakkeet/kurssit/tgs-xosl,2026-10-05T12:10:25Z
TGS,nordnet_fi,,"rating"":0,""joinedAt"":1758662540586,""followerCount"":1,""followingCount"":2},""reactions"":[{""type"":""LIKE",https://www.nordnet.fi/osakkeet/kurssit/tgs-xosl,2026-10-05T12:10:25Z
TGS,nordnet_fi,,"rating"":0,""joinedAt"":1738849222012,""followerCount"":0,""followingCount"":1},""reactions"":[{""type"":""LIKE",https://www.nordnet.fi/osakkeet/kurssit/tgs-xosl,2026-10-05T12:10:25Z
TGS,nordnet_fi,,"rating"":null,""joinedAt"":1611739652798,""followerCount"":0,""followingCount"":6},""reactions"":[{""type"":""LIKE",https://www.nordnet.fi/osakkeet/kurssit/tgs-xosl,2026-10-05T12:10:25Z
TGS,nordnet_fi,,"rating"":null,""joinedAt"":1717416335124,""followerCount"":1,""followingCount"":0},""reactions"":[{""type"":""LIKE",https://www.nordnet.fi/osakkeet/kurssit/tgs-xosl,2026-10-05T12:10:25Z
TGS,nordnet_fi,,"rating"":2,""joinedAt"":1778008160062,""followerCount"":69,""followingCount"":7},""reactions"":[{""type"":""LIKE",https://www.nordnet.fi/osakkeet/kurssit/tgs-xosl,2026-10-05T12:10:25Z
TGS,nordnet_fi,,"rating"":1,""joinedAt"":1773161862681,""followerCount"":3,""followingCount"":43},""reactions"":[{""type"":""LIKE",https://www.nordnet.fi/osakkeet/kurssit/tgs-xosl,2026-10-05T12:10:25Z
TGS,nordnet_fi,,"rating"":1,""joinedAt"":1707497992932,""followerCount"":0,""followingCount"":0},""reactions"":[{""type"":""LIKE",https://www.nordnet.fi/osakkeet/kurssit/tgs-xosl,2026-10-05T12:10:25Z
TGS,nordnet_fi,,"rating"":0,""joinedAt"":1415618945475,""followerCount"":2,""followingCount"":6},""reactions"":[{""type"":""LIKE",https://www.nordnet.fi/osakkeet/kurssit/tgs-xosl,2026-10-05T12:10:25Z
TGS,nordnet_fi,,"rating"":0,""joinedAt"":1537807406472,""followerCount"":1,""followingCount"":6},""reactions"":[{""type"":""LIKE",https://www.nordnet.fi/osakkeet/kurssit/tgs-xosl,2026-10-05T12:10:25Z
TGS,nordnet_fi,,"rating"":null,""joinedAt"":1729089087166,""followerCount"":2,""followingCount"":3},""reactions"":[{""type"":""LIKE",https://www.nordnet.fi/osakkeet/kurssit/tgs-xosl,2026-10-05T12:10:25Z
TGS,nordnet_fi,,"rating"":null,""joinedAt"":1706263281579,""followerCount"":10,""followingCount"":145},""reactions"":[{""type"":""LIKE",https://www.nordnet.fi/osakkeet/kurssit/tgs-xosl,2026-10-05T12:10:25Z
TGS,nordnet_fi,,"rating"":1,""joinedAt"":1743700450164,""followerCount"":2,""followingCount"":1},""reactions"":[{""type"":""LIKE",https://www.nordnet.fi/osakkeet/kurssit/tgs-xosl,2026-10-05T12:10:25Z
TGS,nordnet_fi,22.07.2026,"rating"":3,""joinedAt"":1596487829799,""followerCount"":249,""followingCount"":107},""reactions"":[{""type"":""LIKE",https://www.nordnet.fi/osakkeet/kurssit/tgs-xosl,2026-10-05T12:10:25Z
TGS,nordnet_fi,,"rating"":1,""joinedAt"":1656948560675,""followerCount"":3,""followingCount"":7},""reactions"":[{""type"":""LIKE",https://www.nordnet.fi/osakkeet/kurssit/tgs-xosl,2026-10-05T12:10:25Z
TGS,nordnet_fi,,"rating"":null,""joinedAt"":1776067225638,""followerCount"":2,""followingCount"":0},""reactions"":[{""type"":""LIKE",https://www.nordnet.fi/osakkeet/kurssit/tgs-xosl,2026-10-05T12:10:25Z
TGS,nordnet_fi,,"rating"":null,""joinedAt"":1558628851142,""followerCount"":60,""followingCount"":34},""reactions"":[{""type"":""LIKE",https://www.nordnet.fi/osakkeet/kurssit/tgs-xosl,2026-10-05T12:10:25Z
TGS,nordnet_fi,,"Goldman har en kjøpsanbefaling på TGS-aksjen, som også står på investeringsbankens liste over aksjer det har mest tro på.\",https://www.nordnet.fi/osakkeet/kurssit/tgs-xosl,2026-10-05T12:10:25Z
TGS,nordnet_fi,,Ifølge en analyse fra august er kursmålet på TGS satt til 180 kroner – 33 prosent over dagens kurs.,https://www.nordnet.fi/osakkeet/kurssit/tgs-xosl,2026-10-05T12:10:25Z
TGS,nordnet_fi,,"rating"":2,""joinedAt"":1701366792788,""followerCount"":13,""followingCount"":8},""reactions"":[{""type"":""LIKE",https://www.nordnet.fi/osakkeet/kurssit/tgs-xosl,2026-10-05T12:10:25Z
TGS,nordnet_fi,,"According to an analysis from August, the price target for TGS is set at 180 kroner – 33 percent above today's price.",https://www.nordnet.fi/osakkeet/kurssit/tgs-xosl,2026-10-05T12:10:25Z
TGS,nordnet_fi,,"message"":""Mr Aspen Fosså traff virkelig planken med en klar salgsanbefaling for 3 dager siden",https://www.nordnet.fi/osakkeet/kurssit/tgs-xosl,2026-10-05T12:10:25Z
TGS,nordnet_fi,,"message"":""SEB høyner kursmålet fra 130 - 172. Endelig flere som ser riktige verdier her.",https://www.nordnet.fi/osakkeet/kurssit/tgs-xosl,2026-10-05T12:10:25Z
TGS,nordnet_fi,,"message"":""SEB raises the price target from 130 - 172. Finally, more people see the right values here.",https://www.nordnet.fi/osakkeet/kurssit/tgs-xosl,2026-10-05T12:10:25Z
TGS,nordnet_fi,,"rating"":1,""joinedAt"":1413957623624,""followerCount"":9,""followingCount"":1},""reactions"":[{""type"":""LIKE",https://www.nordnet.fi/osakkeet/kurssit/tgs-xosl,2026-10-05T12:10:25Z
TGS,nordnet_fi,,"message"":""Superanalytikerne i DNB, Steffen Evjen / aksjestrateg Ole-Andreas Krohn har kursmål 70 kr. - snakk om skivebom :-) er det noen som husker analysen av PGS på kr. 1- BI klovner er bare fornavnetet.",https://www.nordnet.fi/osakkeet/kurssit/tgs-xosl,2026-10-05T12:10:25Z
TGS,nordnet_fi,,"rating"":null,""joinedAt"":1726590848893,""followerCount"":2,""followingCount"":1},""reactions"":[{""type"":""LIKE",https://www.nordnet.fi/osakkeet/kurssit/tgs-xosl,2026-10-05T12:10:25Z
TGS,nordnet_fi,,"message"":""The super analysts at DNB, Steffen Evjen / equity strategist Ole-Andreas Krohn have a price target of 70 kr. - talk about a complete miss :-) does anyone remember the analysis of PGS at kr. 1- BI clowns is just the first name.",https://www.nordnet.fi/osakkeet/kurssit/tgs-xosl,2026-10-05T12:10:25Z
TGS,nordnet_fi,,"message"":""Opp 5,7% på salgsanbefaling er helt i tråd med TGS. Ned på gode nyheter, opp på dårlige",https://www.nordnet.fi/osakkeet/kurssit/tgs-xosl,2026-10-05T12:10:25Z
TGS,nordnet_fi,,"rating"":null,""joinedAt"":1674824508152,""followerCount"":1,""followingCount"":2},""reactions"":[{""type"":""LIKE",https://www.nordnet.fi/osakkeet/kurssit/tgs-xosl,2026-10-05T12:10:25Z
TGS,nordnet_fi,,"message"":""I Børsintervjuet i Finansavisen i dag har analytiker Erik Aspen Fosså i SB1 Markets en meget god analyse på olje-/offshoresektoren. Han har stor tro på Moreld, mens TGS får en klar salgsanbefaling.\",https://www.nordnet.fi/osakkeet/kurssit/tgs-xosl,2026-10-05T12:10:25Z
TGS,nordnet_fi,,"rating"":3,""joinedAt"":1446234621722,""followerCount"":9,""followingCount"":1},""reactions"":[{""type"":""LIKE",https://www.nordnet.fi/osakkeet/kurssit/tgs-xosl,2026-10-05T12:10:25Z
TGS,nordnet_fi,,"rating"":1,""joinedAt"":1431503997803,""followerCount"":11,""followingCount"":2},""reactions"":[{""type"":""LIKE",https://www.nordnet.fi/osakkeet/kurssit/tgs-xosl,2026-10-05T12:10:25Z
TGS,nordnet_fi,,"rating"":null,""joinedAt"":1732806631254,""followerCount"":0,""followingCount"":0}],""translation"":{""language"":""en",https://www.nordnet.fi/osakkeet/kurssit/tgs-xosl,2026-10-05T12:10:25Z
TGS,nordnet_fi,,"rating"":null,""joinedAt"":1732806631254,""followerCount"":0,""followingCount"":0},""reactions"":[{""type"":""LIKE",https://www.nordnet.fi/osakkeet/kurssit/tgs-xosl,2026-10-05T12:10:25Z
BNOR,marketscreener_broker,,Analyst Coverage,https://www.marketscreener.com/quote/stock/BLUENORD-ASA-1413217/news-broker-research/,2026-10-05T12:10:26Z
BNOR,marketscreener_broker,Jul. 10,"Fearnley cuts its target price for Bluenord to 694 Norwegian kroner (710), reiterates buy - BN",https://www.marketscreener.com/quote/stock/BLUENORD-ASA-1413217/news-broker-research/,2026-10-05T12:10:26Z
BNOR,marketscreener_broker,Jul. 10,"Pareto Securities raises Bluenord target price to 610 Norwegian kroner (600), reiterates buy",https://www.marketscreener.com/quote/stock/BLUENORD-ASA-1413217/news-broker-research/,2026-10-05T12:10:26Z
BNOR,marketscreener_broker,May. 28,"Fearnley raises Bluenord price target to NOK 710 (685), reiterates Buy - BN",https://www.marketscreener.com/quote/stock/BLUENORD-ASA-1413217/news-broker-research/,2026-10-05T12:10:26Z
BNOR,marketscreener_broker,May. 05,"Arctic raises BlueNord price target to NOK 620 (580), reiterates Hold - BN",https://www.marketscreener.com/quote/stock/BLUENORD-ASA-1413217/news-broker-research/,2026-10-05T12:10:26Z
BNOR,marketscreener_broker,Apr. 01,"Fearnley trims Bluenord price target to NOK 685 (741), reiterates Buy - BN",https://www.marketscreener.com/quote/stock/BLUENORD-ASA-1413217/news-broker-research/,2026-10-05T12:10:26Z
BNOR,marketscreener_broker,Mar. 27,"Pareto Securities raises BlueNord price target to NOK 600 (520), reiterates Buy",https://www.marketscreener.com/quote/stock/BLUENORD-ASA-1413217/news-broker-research/,2026-10-05T12:10:26Z
BNOR,marketscreener_broker,Mar. 16,"Fearnley raises target price for Bluenord to 741 Norwegian crowns (693), reiterates buy - BN",https://www.marketscreener.com/quote/stock/BLUENORD-ASA-1413217/news-broker-research/,2026-10-05T12:10:26Z
BNOR,marketscreener_broker,Mar. 16,"DNB Carnegie downgrades Bluenord to sell (hold), sets price target at 500 Norwegian kroner (435)",https://www.marketscreener.com/quote/stock/BLUENORD-ASA-1413217/news-broker-research/,2026-10-05T12:10:26Z
BNOR,marketscreener_broker,Feb. 25,"Danske Bank Upgrades Bluenord to Buy (Hold), Raises Price Target to 540 Norwegian Kroner (500) - BN",https://www.marketscreener.com/quote/stock/BLUENORD-ASA-1413217/news-broker-research/,2026-10-05T12:10:26Z
BNOR,marketscreener_broker,Feb. 25,"Fearnley Lowers Price Target for Bluenord to 693 Norwegian Kroner (726), Reiterates Buy - BN",https://www.marketscreener.com/quote/stock/BLUENORD-ASA-1413217/news-broker-research/,2026-10-05T12:10:26Z
BNOR,marketscreener_broker,Feb. 25,"Arctic Raises Price Target for Bluenord to 550 Norwegian Kroner (530), Reiterates Buy",https://www.marketscreener.com/quote/stock/BLUENORD-ASA-1413217/news-broker-research/,2026-10-05T12:10:26Z
BNOR,marketscreener_broker,Feb. 20,"Danske Bank Raises Target Price for Bluenord to 500 Norwegian Kroner (from 437), Reiterates Hold - BN",https://www.marketscreener.com/quote/stock/BLUENORD-ASA-1413217/news-broker-research/,2026-10-05T12:10:26Z
BNOR,marketscreener_broker,Jan. 15,"Arctic Lowers Price Target for Bluenord to 530 Norwegian Kroner (560), Reiterates Buy",https://www.marketscreener.com/quote/stock/BLUENORD-ASA-1413217/news-broker-research/,2026-10-05T12:10:26Z
BNOR,marketscreener_broker,Nov. 10,"Fearnley Raises Target Price for Bluenord to 726 Norwegian Kroner (702), Reiterates Buy - BN",https://www.marketscreener.com/quote/stock/BLUENORD-ASA-1413217/news-broker-research/,2026-10-05T12:10:26Z
BNOR,marketscreener_broker,Nov. 03,"Pareto Securities Lowers Price Target for Bluenord to 520 Norwegian Kroner, Reiterates Buy",https://www.marketscreener.com/quote/stock/BLUENORD-ASA-1413217/news-broker-research/,2026-10-05T12:10:26Z
BNOR,marketscreener_broker,,"DNB Carnegie Upgrades Bluenord to Buy, Raises Target Price to 515 Norwegian Kroner",https://www.marketscreener.com/quote/stock/BLUENORD-ASA-1413217/news-broker-research/,2026-10-05T12:10:26Z
BNOR,marketscreener_broker,,"Danske Bank Lowers Price Target for Bluenord to 470 Norwegian Kroner, Maintains Hold Rating",https://www.marketscreener.com/quote/stock/BLUENORD-ASA-1413217/news-broker-research/,2026-10-05T12:10:26Z
BNOR,marketscreener_broker,,"DNB Carnegie Lowers Target Price for Bluenord to 500 Norwegian Kroner, Maintains Hold Recommendation - BN",https://www.marketscreener.com/quote/stock/BLUENORD-ASA-1413217/news-broker-research/,2026-10-05T12:10:26Z
BNOR,marketscreener_broker,,"Arctic Lowers Price Target for Bluenord to 560 Norwegian Kroner (620), Reiterates Buy - BN",https://www.marketscreener.com/quote/stock/BLUENORD-ASA-1413217/news-broker-research/,2026-10-05T12:10:26Z
BNOR,marketscreener_broker,,"Danske Bank Downgrades Bluenord to Hold (Buy), Lowers Target Price to 500 Norwegian Kroner (from 640) - BN",https://www.marketscreener.com/quote/stock/BLUENORD-ASA-1413217/news-broker-research/,2026-10-05T12:10:26Z
BNOR,marketscreener_broker,,"Clarksons Platou Securities Lowers Price Target for Bluenord to NOK 705 (725), Reiterates Buy - BN",https://www.marketscreener.com/quote/stock/BLUENORD-ASA-1413217/news-broker-research/,2026-10-05T12:10:26Z
BNOR,marketscreener_broker,,Danske Bank initiates coverage of Bluenord with Buy and target price of NOK 700 - BN,https://www.marketscreener.com/quote/stock/BLUENORD-ASA-1413217/news-broker-research/,2026-10-05T12:10:26Z
BNOR,marketscreener_broker,,"if (event.target.matches("".ajax_close_teasing866"")) {",https://www.marketscreener.com/quote/stock/BLUENORD-ASA-1413217/news-broker-research/,2026-10-05T12:10:26Z
BNOR,marketscreener_broker,,var element = event.target;,https://www.marketscreener.com/quote/stock/BLUENORD-ASA-1413217/news-broker-research/,2026-10-05T12:10:26Z
BNOR,marketscreener_broker,,"if (event.target.matches("".ajax_close_teasing_ws866"")) {",https://www.marketscreener.com/quote/stock/BLUENORD-ASA-1413217/news-broker-research/,2026-10-05T12:10:26Z
BNOR,marketscreener_broker,,"googletag.pubads().setTargeting('Edition', 'en_US');",https://www.marketscreener.com/quote/stock/BLUENORD-ASA-1413217/news-broker-research/,2026-10-05T12:10:26Z
BNOR,marketscreener_broker,,"googletag.pubads().setTargeting('UserType', 'free');",https://www.marketscreener.com/quote/stock/BLUENORD-ASA-1413217/news-broker-research/,2026-10-05T12:10:26Z
BNOR,marketscreener_broker,,"googletag.pubads().setTargeting('Content', 'equities');",https://www.marketscreener.com/quote/stock/BLUENORD-ASA-1413217/news-broker-research/,2026-10-05T12:10:26Z
BNOR,marketscreener_broker,,"googletag.pubads().setTargeting('codezb', '1413217');",https://www.marketscreener.com/quote/stock/BLUENORD-ASA-1413217/news-broker-research/,2026-10-05T12:10:26Z
BNOR,marketscreener_news,,Analyst Coverage,https://www.marketscreener.com/quote/stock/BLUENORD-ASA-1413217/news/,2026-10-05T12:10:27Z
BNOR,marketscreener_news,Jul. 10,"Fearnley cuts its target price for Bluenord to 694 Norwegian kroner (710), reiterates buy - BN",https://www.marketscreener.com/quote/stock/BLUENORD-ASA-1413217/news/,2026-10-05T12:10:27Z
BNOR,marketscreener_news,Jul. 10,"Pareto Securities raises Bluenord target price to 610 Norwegian kroner (600), reiterates buy",https://www.marketscreener.com/quote/stock/BLUENORD-ASA-1413217/news/,2026-10-05T12:10:27Z
BNOR,marketscreener_news,,"if (event.target.matches("".ajax_close_teasing866"")) {",https://www.marketscreener.com/quote/stock/BLUENORD-ASA-1413217/news/,2026-10-05T12:10:27Z
BNOR,marketscreener_news,,var element = event.target;,https://www.marketscreener.com/quote/stock/BLUENORD-ASA-1413217/news/,2026-10-05T12:10:27Z
BNOR,marketscreener_news,,"if (event.target.matches("".ajax_close_teasing_ws866"")) {",https://www.marketscreener.com/quote/stock/BLUENORD-ASA-1413217/news/,2026-10-05T12:10:27Z
BNOR,marketscreener_news,,"googletag.pubads().setTargeting('Edition', 'en_US');",https://www.marketscreener.com/quote/stock/BLUENORD-ASA-1413217/news/,2026-10-05T12:10:27Z
BNOR,marketscreener_news,,"googletag.pubads().setTargeting('UserType', 'free');",https://www.marketscreener.com/quote/stock/BLUENORD-ASA-1413217/news/,2026-10-05T12:10:27Z
BNOR,marketscreener_news,,"googletag.pubads().setTargeting('Content', 'equities');",https://www.marketscreener.com/quote/stock/BLUENORD-ASA-1413217/news/,2026-10-05T12:10:27Z
BNOR,marketscreener_news,,"googletag.pubads().setTargeting('codezb', '1413217');",https://www.marketscreener.com/quote/stock/BLUENORD-ASA-1413217/news/,2026-10-05T12:10:27Z
BNOR,nordnet_se,25 sep,ABG sänker BlueNord till sälj,https://www.nordnet.se/aktier/kurser/blue-nord-bnor-xosl,2026-10-05T12:10:29Z
BNOR,nordnet_se,25 sep,ABG sänker BlueNord till sälj trots höjd riktkurs.,https://www.nordnet.se/aktier/kurser/blue-nord-bnor-xosl,2026-10-05T12:10:29Z
BNOR,nordnet_se,,Analytikers rekommendationer och riktkurser är endast tillgängligt för inloggade kunder.,https://www.nordnet.se/aktier/kurser/blue-nord-bnor-xosl,2026-10-05T12:10:29Z
BNOR,nordnet_se,,"INSTRUMENT_ORDER.ORDER_PLACEMENT.SUMMARY_TRAILING_BUY"":""Om den fallande kursen stiger med {triggerValueSummary} från lägst betalda kurs senast {validUntilSummary}, läggs en {modeSummary} på {quantitySummary} st till {targetValueSummary} över triggerpriset.",https://www.nordnet.se/aktier/kurser/blue-nord-bnor-xosl,2026-10-05T12:10:29Z
BNOR,nordnet_se,,"INSTRUMENT_ORDER.ORDER_PLACEMENT.SUMMARY_TRAILING_SELL"":""Om den stigande kursen faller med {triggerValueSummary} från högst betalda kurs senast {validUntilSummary}, läggs en {modeSummary} på {quantitySummary} st till {targetValueSummary} under triggerpriset.",https://www.nordnet.se/aktier/kurser/blue-nord-bnor-xosl,2026-10-05T12:10:29Z
BNOR,nordnet_se,,"INSTRUMENT_TRADING.ORDER_ERROR.TARGET_MARKET_ERROR"":""Investeringsprodukten är inte tillåten för distribution till icke-professionella kunder.",https://www.nordnet.se/aktier/kurser/blue-nord-bnor-xosl,2026-10-05T12:10:29Z
BNOR,nordnet_se,,"FEEDBACK_WIDGET.RATING.POSITIVE"":""Utmärkt",https://www.nordnet.se/aktier/kurser/blue-nord-bnor-xosl,2026-10-05T12:10:29Z
BNOR,nordnet_se,,"FEEDBACK_WIDGET.RATING.NEGATIVE"":""Behöver förbättring",https://www.nordnet.se/aktier/kurser/blue-nord-bnor-xosl,2026-10-05T12:10:29Z
BNOR,nordnet_se,,"FEEDBACK_WIDGET.RATING.TITLE_FEATURE"":""Hur nöjd är du med den här funktionen?",https://www.nordnet.se/aktier/kurser/blue-nord-bnor-xosl,2026-10-05T12:10:29Z
BNOR,nordnet_se,,"FEEDBACK_WIDGET.RATING.TITLE_PAGE"":""Hur nöjd är du med just denna sida?",https://www.nordnet.se/aktier/kurser/blue-nord-bnor-xosl,2026-10-05T12:10:29Z
BNOR,nordnet_se,,"FUND_SEARCH_DRAWER.RATING"":""Rating",https://www.nordnet.se/aktier/kurser/blue-nord-bnor-xosl,2026-10-05T12:10:29Z
BNOR,nordnet_se,,"SHAREVILLE.PROFILE_DETAIL_TAB.RATINGS"":""Rating",https://www.nordnet.se/aktier/kurser/blue-nord-bnor-xosl,2026-10-05T12:10:29Z
BNOR,nordnet_se,,"SHAREVILLE.RATING"":""Rating",https://www.nordnet.se/aktier/kurser/blue-nord-bnor-xosl,2026-10-05T12:10:29Z
BNOR,nordnet_se,,"SHAREVILLE.RATINGS_DRAWER.BETTER_THAN_MOST_DESCRIPTION"":""Användare med två stjärnor har en portfölj med en positiv riskjusterad avkastning som tillhör den bästa hälften av portföljerna på Shareville.",https://www.nordnet.se/aktier/kurser/blue-nord-bnor-xosl,2026-10-05T12:10:29Z
BNOR,nordnet_se,,"NORDNET_SOCIAL.SHAREVILLE.RATINGS_DRAWER.BETTER_THAN_MOST_DESCRIPTION"":""Användare med två stjärnor har en portfölj med en positiv riskjusterad avkastning som tillhör den bästa hälften av portföljerna på Nordnet Social.",https://www.nordnet.se/aktier/kurser/blue-nord-bnor-xosl,2026-10-05T12:10:29Z
BNOR,nordnet_se,,"SHAREVILLE.RATINGS_DRAWER.BETTER_THAN_MOST"":""Bättre än de flesta",https://www.nordnet.se/aktier/kurser/blue-nord-bnor-xosl,2026-10-05T12:10:29Z
BNOR,nordnet_se,,"SHAREVILLE.RATINGS_DRAWER.HOW_IT_WORKS_DESCRIPTION_UPDATED"":""Rating används för att visa hur bra en användare är jämfört med andra på Shareville. Ratingen baseras på riskjusterad avkastning de senaste tre åren och räknas ut med ett mått som kallas {sharpeRatioLink}. Om en användare har varit medlem i mindre än tre år bedöms en kortare tidsperiod.",https://www.nordnet.se/aktier/kurser/blue-nord-bnor-xosl,2026-10-05T12:10:29Z
BNOR,nordnet_se,,"NORDNET_SOCIAL.SHAREVILLE.RATINGS_DRAWER.HOW_IT_WORKS_DESCRIPTION_UPDATED"":""Rating används för att visa hur bra en användare är jämfört med andra på Nordnet Social. Ratingen baseras på riskjusterad avkastning de senaste tre åren och räknas ut med ett mått som kallas {sharpeRatioLink}. Om en användare har varit medlem i mindre än tre år bedöms en kortare tidsperiod.",https://www.nordnet.se/aktier/kurser/blue-nord-bnor-xosl,2026-10-05T12:10:29Z
BNOR,nordnet_se,,"SHAREVILLE.RATINGS_DRAWER.HOW_IT_WORKS_DESCRIPTION"":""Rating används för att visa hur bra en användare är jämfört med andra på Shareville. Ratingen baseras på riskjusterad avkastning det senaste året och räknas ut med ett mått som kallas {sharpeRatioLink}. Om en användare har varit medlem i mindre än ett år används den senaste månaden.",https://www.nordnet.se/aktier/kurser/blue-nord-bnor-xosl,2026-10-05T12:10:29Z
BNOR,nordnet_se,,"NORDNET_SOCIAL.SHAREVILLE.RATINGS_DRAWER.HOW_IT_WORKS_DESCRIPTION"":""Rating används för att visa hur bra en användare är jämfört med andra på Nordnet Social. Ratingen baseras på riskjusterad avkastning det senaste året och räknas ut med ett mått som kallas {sharpeRatioLink}. Om en användare har varit medlem i mindre än ett år används den senaste månaden.",https://www.nordnet.se/aktier/kurser/blue-nord-bnor-xosl,2026-10-05T12:10:29Z
BNOR,nordnet_se,,"SHAREVILLE.RATINGS_DRAWER.HOW_IT_WORKS"":""Hur fungerar rating?",https://www.nordnet.se/aktier/kurser/blue-nord-bnor-xosl,2026-10-05T12:10:29Z
BNOR,nordnet_se,,"SHAREVILLE.RATINGS_DRAWER.POSITIVE_DEVELOPMENT_DESCRIPTION_UPDATED"":""Investerare med en stjärna har en portfölj med riskjusterad avkastning som tillhör de bästa tre fjärdedelarna (topp 75 %) av alla användare.",https://www.nordnet.se/aktier/kurser/blue-nord-bnor-xosl,2026-10-05T12:10:29Z
BNOR,nordnet_se,,"SHAREVILLE.RATINGS_DRAWER.POSITIVE_DEVELOPMENT_DESCRIPTION"":""Användare med en stjärna har en portfölj som har en positiv riskjusterad avkastning.",https://www.nordnet.se/aktier/kurser/blue-nord-bnor-xosl,2026-10-05T12:10:29Z
BNOR,nordnet_se,,"SHAREVILLE.RATINGS_DRAWER.POSITIVE_DEVELOPMENT"":""Positiv utveckling",https://www.nordnet.se/aktier/kurser/blue-nord-bnor-xosl,2026-10-05T12:10:29Z
BNOR,nordnet_se,,"SHAREVILLE.RATINGS_DRAWER.SHARPE_RATIO_LINK"":""https://www.nordnet.se/academy/vad-ar-sharpekvot",https://www.nordnet.se/aktier/kurser/blue-nord-bnor-xosl,2026-10-05T12:10:29Z
BNOR,nordnet_se,,"SHAREVILLE.RATINGS_DRAWER.SHARPE_RATIO"":""Sharpekvot",https://www.nordnet.se/aktier/kurser/blue-nord-bnor-xosl,2026-10-05T12:10:29Z
BNOR,nordnet_se,,"SHAREVILLE.RATINGS_DRAWER.TITLE"":""Rating",https://www.nordnet.se/aktier/kurser/blue-nord-bnor-xosl,2026-10-05T12:10:29Z
BNOR,nordnet_se,,"SHAREVILLE.RATINGS_DRAWER.TOP_10_PERCENT_DESCRIPTION_UPDATED"":""Investerare med tre stjärnor har en portfölj med en riskjusterad utveckling som tillhör den bästa tiondelen av portföljerna på Shareville. Kan endast uppnås med minst ett års portföljdata.",https://www.nordnet.se/aktier/kurser/blue-nord-bnor-xosl,2026-10-05T12:10:29Z
BNOR,nordnet_se,,"NORDNET_SOCIAL.SHAREVILLE.RATINGS_DRAWER.TOP_10_PERCENT_DESCRIPTION_UPDATED"":""Investerare med tre stjärnor har en portfölj med en riskjusterad utveckling som tillhör den bästa tiondelen av portföljerna på Nordnet Social. Kan endast uppnås med minst ett års portföljdata.",https://www.nordnet.se/aktier/kurser/blue-nord-bnor-xosl,2026-10-05T12:10:29Z
BNOR,nordnet_se,,"SHAREVILLE.RATINGS_DRAWER.TOP_10_PERCENT_DESCRIPTION"":""Användare med tre stjärnor har en portfölj med en positiv riskjusterad utveckling som tillhör den bästa tiondelen av portföljerna på Shareville.",https://www.nordnet.se/aktier/kurser/blue-nord-bnor-xosl,2026-10-05T12:10:29Z
BNOR,nordnet_se,,"NORDNET_SOCIAL.SHAREVILLE.RATINGS_DRAWER.TOP_10_PERCENT_DESCRIPTION"":""Användare med tre stjärnor har en portfölj med en positiv riskjusterad utveckling som tillhör den bästa tiondelen av portföljerna på Nordnet Social.",https://www.nordnet.se/aktier/kurser/blue-nord-bnor-xosl,2026-10-05T12:10:29Z
BNOR,nordnet_se,,"SHAREVILLE.RATINGS_DRAWER.TOP_10_PERCENT"":""Topp 10%",https://www.nordnet.se/aktier/kurser/blue-nord-bnor-xosl,2026-10-05T12:10:29Z
BNOR,nordnet_se,,"SHAREVILLE.RATINGS_DRAWER.ZERO_RATING_DESCRIPTION_UPDATED"":""Investerare med noll stjärnor har en portfölj vars riskjusterade avkastning hamnar inom de lägsta 25 % av alla användare.",https://www.nordnet.se/aktier/kurser/blue-nord-bnor-xosl,2026-10-05T12:10:29Z
BNOR,nordnet_se,,"SHAREVILLE.RATINGS_DRAWER.ZERO_RATING_DESCRIPTION"":""Användare som inte har några stjärnor har antingen en portfölj med negativ riskjusterad avkastning, eller ingen portfölj alls.",https://www.nordnet.se/aktier/kurser/blue-nord-bnor-xosl,2026-10-05T12:10:29Z
BNOR,nordnet_se,,"SHAREVILLE.RATINGS_DRAWER.ZERO_RATING"":""Negativ eller ingen utveckling",https://www.nordnet.se/aktier/kurser/blue-nord-bnor-xosl,2026-10-05T12:10:29Z
BNOR,nordnet_se,,"INSTRUMENT_TABLES.ETP_TABLE.GLOSSARY_DRAWER.DESCRIPTION.RATING"":""Morningstar Rating rangordnar fonder med liknande inriktning utifrån historiskt resultat med hänsyn tagen till risk och avgifter.",https://www.nordnet.se/aktier/kurser/blue-nord-bnor-xosl,2026-10-05T12:10:29Z
BNOR,nordnet_se,,"INSTRUMENT_TABLES.ETP_TABLE.GLOSSARY_DRAWER.TITLE.RATING"":""Rating",https://www.nordnet.se/aktier/kurser/blue-nord-bnor-xosl,2026-10-05T12:10:29Z
BNOR,nordnet_se,,"INSTRUMENT_TABLES.FILTERS.RATING"":""Rating",https://www.nordnet.se/aktier/kurser/blue-nord-bnor-xosl,2026-10-05T12:10:29Z
BNOR,nordnet_se,,"INSTRUMENT_TABLES.FILTERS.FUND_MS_RATING"":""Rating",https://www.nordnet.se/aktier/kurser/blue-nord-bnor-xosl,2026-10-05T12:10:29Z
BNOR,nordnet_se,,"INSTRUMENT_TABLES.FUND_TABLE.COLUMNS.RATING"":""Rating",https://www.nordnet.se/aktier/kurser/blue-nord-bnor-xosl,2026-10-05T12:10:29Z
BNOR,nordnet_se,,"PAGE_INSTRUMENT.ANALYST_RATINGS.BOTTOM_DISCLAIMERS.UPDATED_AT"":""Data från Factset, uppdaterad {date}",https://www.nordnet.se/aktier/kurser/blue-nord-bnor-xosl,2026-10-05T12:10:29Z
BNOR,nordnet_se,,"PAGE_INSTRUMENT.ANALYST_RATINGS.BOTTOM_DISCLAIMERS.DISCLAIMER_1"":""Historisk avkastning är ingen garanti för framtida avkastning. Riktkurser är inte en tillförlitlig indikator för framtida resultat. Kom ihåg att investeringar alltid innebär en risk.",https://www.nordnet.se/aktier/kurser/blue-nord-bnor-xosl,2026-10-05T12:10:29Z
BNOR,nordnet_se,,"PAGE_INSTRUMENT.ANALYST_RATINGS.BOTTOM_DISCLAIMERS.DISCLAIMER_2"":""Informationen som presenteras är investeringsrekommendationer från tredje part inklusive riktkurser utan behandling eller urval av Nordnet och den tar inte hänsyn till dina personliga omständigheter.\",https://www.nordnet.se/aktier/kurser/blue-nord-bnor-xosl,2026-10-05T12:10:29Z
BNOR,nordnet_se,,"PAGE_INSTRUMENT.ANALYST_RATINGS.BOTTOM_DISCLAIMERS.DISCLAIMER_3"":""För att förenkla har vi inkluderat rekommendationerna \\""Övervikt\\"" och \\""Undervikt\\"" i respektive \\""Köp\\"" och \\""Sälj\\""-kategori.",https://www.nordnet.se/aktier/kurser/blue-nord-bnor-xosl,2026-10-05T12:10:29Z
BNOR,nordnet_se,,"PAGE_INSTRUMENT.ANALYST_RATINGS.ALERTS.DATA_FETCH_ERROR"":""Det gick inte att hämta analytikerdata.",https://www.nordnet.se/aktier/kurser/blue-nord-bnor-xosl,2026-10-05T12:10:29Z
BNOR,nordnet_se,,"PAGE_INSTRUMENT.ANALYST_RATINGS.ALERT.NO_DATA"":""Ingen analytikerdata tillgänglig för aktien.",https://www.nordnet.se/aktier/kurser/blue-nord-bnor-xosl,2026-10-05T12:10:29Z
BNOR,nordnet_se,,"PAGE_INSTRUMENT.ANALYST_RATINGS.ANALYST_RECOMMENDATIONS.TITLE"":""Analytikers rekommendationer",https://www.nordnet.se/aktier/kurser/blue-nord-bnor-xosl,2026-10-05T12:10:29Z
BNOR,nordnet_se,,"PAGE_INSTRUMENT.ANALYST_RATINGS.ANALYST_RECOMMENDATIONS.SUBTITLE"":""Analytikers uppfattning om den potentiella upp- eller nedsidan i aktien.",https://www.nordnet.se/aktier/kurser/blue-nord-bnor-xosl,2026-10-05T12:10:29Z
BNOR,nordnet_se,,"PAGE_INSTRUMENT.ANALYST_RATINGS.ANALYST_RECOMMENDATIONS.ABOUT_BUTTON"":""Om analytikers rekommendationer",https://www.nordnet.se/aktier/kurser/blue-nord-bnor-xosl,2026-10-05T12:10:29Z
BNOR,nordnet_se,,"PAGE_INSTRUMENT.ANALYST_RATINGS.ANALYST_RECOMMENDATIONS.DISCLAIMER_OWNED_BY_NORDNET"":""Nordnet AB (publ) har ett indirekt ägande i detta bolag som överstiger 0,5% av bolagets utestående aktier.",https://www.nordnet.se/aktier/kurser/blue-nord-bnor-xosl,2026-10-05T12:10:29Z
BNOR,nordnet_se,,"PAGE_INSTRUMENT.ANALYST_RATINGS.ANALYST_RECOMMENDATIONS.CURRENT_RECOMMENDATIONS.NO_DATA_HISTORICAL"":""Inga rekommendationer tillgängliga för {month}",https://www.nordnet.se/aktier/kurser/blue-nord-bnor-xosl,2026-10-05T12:10:29Z
BNOR,nordnet_se,,"PAGE_INSTRUMENT.ANALYST_RATINGS.ANALYST_RECOMMENDATIONS.CURRENT_RECOMMENDATIONS.NO_DATA_CURRENT_MONTH"":""Inga aktuella rekommendationer tillgängliga",https://www.nordnet.se/aktier/kurser/blue-nord-bnor-xosl,2026-10-05T12:10:29Z
BNOR,nordnet_se,,"PAGE_INSTRUMENT.ANALYST_RATINGS.ANALYST_RECOMMENDATIONS.CURRENT_RECOMMENDATIONS.CURRENT_MONTH_SINGULAR"":""1 rekommendation under de senaste {windowSize} dagarna",https://www.nordnet.se/aktier/kurser/blue-nord-bnor-xosl,2026-10-05T12:10:29Z
BNOR,nordnet_se,,"PAGE_INSTRUMENT.ANALYST_RATINGS.ANALYST_RECOMMENDATIONS.CURRENT_RECOMMENDATIONS.CURRENT_MONTH_PLURAL"":""Rekommendationer under de senaste {windowSize} dagarna",https://www.nordnet.se/aktier/kurser/blue-nord-bnor-xosl,2026-10-05T12:10:29Z
BNOR,nordnet_se,,"PAGE_INSTRUMENT.ANALYST_RATINGS.ANALYST_RECOMMENDATIONS.CURRENT_RECOMMENDATIONS.HISTORICAL_DATA"":""Datan täcker {windowSize} dagar fram till slutet av {month}",https://www.nordnet.se/aktier/kurser/blue-nord-bnor-xosl,2026-10-05T12:10:29Z
BNOR,nordnet_se,,"PAGE_INSTRUMENT.ANALYST_RATINGS.ANALYST_RECOMMENDATIONS.CURRENT_RECOMMENDATIONS.BUY"":""Köp",https://www.nordnet.se/aktier/kurser/blue-nord-bnor-xosl,2026-10-05T12:10:29Z
BNOR,nordnet_se,,"PAGE_INSTRUMENT.ANALYST_RATINGS.ANALYST_RECOMMENDATIONS.CURRENT_RECOMMENDATIONS.HOLD"":""Behåll",https://www.nordnet.se/aktier/kurser/blue-nord-bnor-xosl,2026-10-05T12:10:29Z
BNOR,nordnet_se,,"PAGE_INSTRUMENT.ANALYST_RATINGS.ANALYST_RECOMMENDATIONS.CURRENT_RECOMMENDATIONS.SELL"":""Sälj",https://www.nordnet.se/aktier/kurser/blue-nord-bnor-xosl,2026-10-05T12:10:29Z
BNOR,nordnet_se,,"PAGE_INSTRUMENT.ANALYST_RATINGS.ANALYST_RECOMMENDATIONS.CURRENT_RECOMMENDATIONS.RATINGS_BAR_GRAPH.PERCENTAGE"":""{percentage}%",https://www.nordnet.se/aktier/kurser/blue-nord-bnor-xosl,2026-10-05T12:10:29Z
BNOR,nordnet_se,,"PAGE_INSTRUMENT.ANALYST_RATINGS.ANALYST_RECOMMENDATIONS.CURRENT_RECOMMENDATIONS.RATINGS_BAR_GRAPH.ACCESSIBILITY_LABEL"":""{count} av {total} betyg",https://www.nordnet.se/aktier/kurser/blue-nord-bnor-xosl,2026-10-05T12:10:29Z
BNOR,nordnet_se,,"PAGE_INSTRUMENT.ANALYST_RATINGS.ANALYST_RECOMMENDATIONS.CURRENT_RECOMMENDATIONS.RECOMMENDATIONS_OVER_TIME.TITLE"":""Rekommendationer över tid",https://www.nordnet.se/aktier/kurser/blue-nord-bnor-xosl,2026-10-05T12:10:29Z
BNOR,nordnet_se,,"PAGE_INSTRUMENT.ANALYST_RATINGS.ANALYST_RECOMMENDATIONS.CURRENT_RECOMMENDATIONS.RECOMMENDATIONS_OVER_TIME.STACKED_BAR_LABEL.BUY"":""Köp",https://www.nordnet.se/aktier/kurser/blue-nord-bnor-xosl,2026-10-05T12:10:29Z
BNOR,nordnet_se,,"PAGE_INSTRUMENT.ANALYST_RATINGS.ANALYST_RECOMMENDATIONS.CURRENT_RECOMMENDATIONS.RECOMMENDATIONS_OVER_TIME.STACKED_BAR_LABEL.HOLD"":""Behåll",https://www.nordnet.se/aktier/kurser/blue-nord-bnor-xosl,2026-10-05T12:10:29Z
BNOR,nordnet_se,,"PAGE_INSTRUMENT.ANALYST_RATINGS.ANALYST_RECOMMENDATIONS.CURRENT_RECOMMENDATIONS.RECOMMENDATIONS_OVER_TIME.STACKED_BAR_LABEL.SELL"":""Sälj",https://www.nordnet.se/aktier/kurser/blue-nord-bnor-xosl,2026-10-05T12:10:29Z
BNOR,nordnet_se,,"PAGE_INSTRUMENT.ANALYST_RATINGS.ANALYST_RECOMMENDATIONS.CURRENT_RECOMMENDATIONS.RECOMMENDATIONS_OVER_TIME.STACKED_BAR.ACCESSIBILITY_LABEL"":""Historiska rekommendationer för {date}",https://www.nordnet.se/aktier/kurser/blue-nord-bnor-xosl,2026-10-05T12:10:29Z
BNOR,nordnet_se,,"PAGE_INSTRUMENT.ANALYST_RATINGS.ANALYST_RECOMMENDATIONS.RECOMMENDATIONS_OVER_TIME.STACKED_BAR.ACCESSIBILITY_LABEL"":""{recommendation}: {percentage}%",https://www.nordnet.se/aktier/kurser/blue-nord-bnor-xosl,2026-10-05T12:10:29Z
BNOR,nordnet_se,,"PAGE_INSTRUMENT.ANALYST_RATINGS.ANALYST_RECOMMENDATIONS.RECOMMENDATIONS_OVER_TIME.STACKED_BAR.NO_DATA_ACCESSIBILITY_LABEL"":""Ingen data hittades",https://www.nordnet.se/aktier/kurser/blue-nord-bnor-xosl,2026-10-05T12:10:29Z
BNOR,nordnet_se,,"PAGE_INSTRUMENT.ANALYST_RATINGS.ANALYST_RECOMMENDATIONS.RECOMMENDATIONS_OVER_TIME.SKELETON.LOADING.ACCESSIBILITY_LABEL"":""Laddar rekommendationer",https://www.nordnet.se/aktier/kurser/blue-nord-bnor-xosl,2026-10-05T12:10:29Z
BNOR,nordnet_se,,"PAGE_INSTRUMENT.ANALYST_RATINGS.PRICE_TARGETS.TITLE"":""Riktkurser",https://www.nordnet.se/aktier/kurser/blue-nord-bnor-xosl,2026-10-05T12:10:29Z
BNOR,nordnet_se,,"PAGE_INSTRUMENT.ANALYST_RATINGS.PRICE_TARGETS.SUBTITLE"":""Analytikers uppskattning av den framtida aktiekursen.",https://www.nordnet.se/aktier/kurser/blue-nord-bnor-xosl,2026-10-05T12:10:29Z
BNOR,nordnet_se,,"PAGE_INSTRUMENT.ANALYST_RATINGS.PRICE_TARGETS.ABOUT_BUTTON"":""Om analytikers riktkurser",https://www.nordnet.se/aktier/kurser/blue-nord-bnor-xosl,2026-10-05T12:10:29Z
BNOR,nordnet_se,,"PAGE_INSTRUMENT.ANALYST_RATINGS.HOW_IT_WORKS_DRAWER.TITLE"":""Hur analysen fungerar",https://www.nordnet.se/aktier/kurser/blue-nord-bnor-xosl,2026-10-05T12:10:29Z
BNOR,nordnet_se,,"PAGE_INSTRUMENT.ANALYST_RATINGS.HOW_IT_WORKS_DRAWER.TABS.RECOMMENDATIONS"":""Rekommendationer",https://www.nordnet.se/aktier/kurser/blue-nord-bnor-xosl,2026-10-05T12:10:29Z
BNOR,nordnet_se,,"PAGE_INSTRUMENT.ANALYST_RATINGS.HOW_IT_WORKS_DRAWER.TABS.PRICE_TARGETS"":""Riktkurser",https://www.nordnet.se/aktier/kurser/blue-nord-bnor-xosl,2026-10-05T12:10:29Z
BNOR,nordnet_se,,"PAGE_INSTRUMENT.ANALYST_RATINGS.HOW_IT_WORKS_DRAWER.ABOUT_RECOMMENDATIONS"":""Analytiker på investmentbanker eller analyshus studerar och utvärderar företag för att kunna uttala sig om aktiers potentiella framtida utveckling och tillhandahålla rekommendationer om köp, behåll eller sälj.\",https://www.nordnet.se/aktier/kurser/blue-nord-bnor-xosl,2026-10-05T12:10:29Z
BNOR,nordnet_se,,"PAGE_INSTRUMENT.ANALYST_RATINGS.HOW_IT_WORKS_DRAWER.ABOUT_PRICE_TARGETS"":""Analytiker gör antaganden om faktorer som efterfrågan, tillväxt och konkurrens för att uppskatta vad en aktie kan vara värd och vad dess pris kan vara i framtiden, i detta fall 12 månader från publicering.\",https://www.nordnet.se/aktier/kurser/blue-nord-bnor-xosl,2026-10-05T12:10:29Z
BNOR,nordnet_se,,Riktkurserna baseras på omständigheterna vid publiceringstillfället. Tänk på att riktkurserna kan vara upp till 90 dagar gamla. Om en analytiker publicerat flera riktkurser de senaste 90 dagarna är det den nyaste som ingår i datan. Se till att göra din egen bedömning och förlita dig inte enbart på analytikers bedömning.,https://www.nordnet.se/aktier/kurser/blue-nord-bnor-xosl,2026-10-05T12:10:29Z
BNOR,nordnet_se,,"PAGE_INSTRUMENT.ANALYST_RATINGS.LOGGED_OUT.TITLE"":""Logga in för att se analytikerdata",https://www.nordnet.se/aktier/kurser/blue-nord-bnor-xosl,2026-10-05T12:10:29Z
BNOR,nordnet_se,,"PAGE_INSTRUMENT.ANALYST_RATINGS.LOGGED_OUT.INFORMATION"":""Analytikers rekommendationer och riktkurser är endast tillgängligt för inloggade kunder.",https://www.nordnet.se/aktier/kurser/blue-nord-bnor-xosl,2026-10-05T12:10:29Z
BNOR,nordnet_se,,"PAGE_INSTRUMENT.ANALYST_RATINGS.LOGGED_OUT.LOG_IN_BUTTON"":""Logga in",https://www.nordnet.se/aktier/kurser/blue-nord-bnor-xosl,2026-10-05T12:10:29Z
BNOR,nordnet_se,,"PAGE_INSTRUMENT.ANALYST_RATINGS.PRICE_TARGETS_AND_DAYS_INFO"":""{numberOfEstimates, plural, one {1 riktkurs} other {# riktkurser}} de senaste {windowSize} dagarna",https://www.nordnet.se/aktier/kurser/blue-nord-bnor-xosl,2026-10-05T12:10:29Z
BNOR,nordnet_se,,"PAGE_INSTRUMENT.ANALYST_RATINGS.PRICE_TARGETS_CHART.MEAN_DOT"":""Snitt",https://www.nordnet.se/aktier/kurser/blue-nord-bnor-xosl,2026-10-05T12:10:29Z
BNOR,nordnet_se,,"PAGE_INSTRUMENT.ANALYST_RATINGS.PRICE_TARGETS_CHART.HIGH_DOT"":""Högst",https://www.nordnet.se/aktier/kurser/blue-nord-bnor-xosl,2026-10-05T12:10:29Z
BNOR,nordnet_se,,"PAGE_INSTRUMENT.ANALYST_RATINGS.PRICE_TARGETS_CHART.LOW_DOT"":""Lägst",https://www.nordnet.se/aktier/kurser/blue-nord-bnor-xosl,2026-10-05T12:10:29Z
BNOR,nordnet_se,,"PAGE_INSTRUMENT.ANALYST_RATINGS.PRICE_TARGETS_CONTROLS.PERIOD_YEAR_1"":""1 år sen",https://www.nordnet.se/aktier/kurser/blue-nord-bnor-xosl,2026-10-05T12:10:29Z
BNOR,nordnet_se,,"PAGE_INSTRUMENT.ANALYST_RATINGS.PRICE_TARGETS_CONTROLS.PERIOD_MONTH_6"":""Senaste 6m",https://www.nordnet.se/aktier/kurser/blue-nord-bnor-xosl,2026-10-05T12:10:29Z
BNOR,nordnet_se,,"PAGE_INSTRUMENT.ANALYST_RATINGS.PRICE_TARGETS_CONTROLS.PERIOD_MONTH_3"":""Senaste 3m",https://www.nordnet.se/aktier/kurser/blue-nord-bnor-xosl,2026-10-05T12:10:29Z
BNOR,nordnet_se,,"PAGE_INSTRUMENT.ANALYST_RATINGS.PRICE_TARGETS_CONTROLS.PERIOD_ALL"":""Allt",https://www.nordnet.se/aktier/kurser/blue-nord-bnor-xosl,2026-10-05T12:10:29Z
BNOR,nordnet_se,,"PAGE_INSTRUMENT.ANALYST_RATINGS.PRICE_TARGETS_CONTROLS.NO_HISTORY"":""Ingen historik",https://www.nordnet.se/aktier/kurser/blue-nord-bnor-xosl,2026-10-05T12:10:29Z
BNOR,nordnet_se,,"PAGE_INSTRUMENT.ANALYST_RATINGS.PRICE_TARGETS_CONTROLS.PERIOD_SELECTOR_LABEL"":""Välj period",https://www.nordnet.se/aktier/kurser/blue-nord-bnor-xosl,2026-10-05T12:10:29Z
BNOR,nordnet_se,,"PAGE_INSTRUMENT.ANALYST_RATINGS.PRICE_TARGETS_CONTROLS.PERCENT_TOGGLE_LABEL"":""Välj procent eller valuta",https://www.nordnet.se/aktier/kurser/blue-nord-bnor-xosl,2026-10-05T12:10:29Z
BNOR,nordnet_se,,"PAGE_INSTRUMENT.ANALYST_RATINGS.PRICE_TARGETS_RANGE.DESCRIPTION"":""Riktkursintervall · 1 års prognos",https://www.nordnet.se/aktier/kurser/blue-nord-bnor-xosl,2026-10-05T12:10:29Z
BNOR,nordnet_se,,"PAGE_INSTRUMENT.ANALYST_RATINGS.PRICE_TARGETS_RANGE.NO_TARGETS"":""Inga riktkurser",https://www.nordnet.se/aktier/kurser/blue-nord-bnor-xosl,2026-10-05T12:10:29Z
BNOR,nordnet_se,,"PAGE_INSTRUMENT.ANALYST_RATINGS.PRICE_TARGETS_RANGE.TARGET_INTERVAL"":""{low} till {high} {unit}",https://www.nordnet.se/aktier/kurser/blue-nord-bnor-xosl,2026-10-05T12:10:29Z
BNOR,nordnet_se,,"PAGE_INSTRUMENT.ANALYST_RATINGS.PRICE_TARGETS_RANGE.TARGET_SIMPLE"":""{mean} {unit}",https://www.nordnet.se/aktier/kurser/blue-nord-bnor-xosl,2026-10-05T12:10:29Z
BNOR,nordnet_se,,"PAGE_INSTRUMENT.ABOUT.MORNINGSTAR_RATING"":""Morningstar Rating",https://www.nordnet.se/aktier/kurser/blue-nord-bnor-xosl,2026-10-05T12:10:29Z
BNOR,nordnet_se,,"PAGE_INSTRUMENT.FINANCIALS.OPERATING_EXPENSES_AND_DEPRECATIONS"":""Rörelsekostnader + avskrivningar",https://www.nordnet.se/aktier/kurser/blue-nord-bnor-xosl,2026-10-05T12:10:29Z
BNOR,nordnet_se,,"PAGE_INSTRUMENT.FINANCIALS.OPERATING_REVENUES"":""Rörelseintäkter",https://www.nordnet.se/aktier/kurser/blue-nord-bnor-xosl,2026-10-05T12:10:29Z
BNOR,nordnet_se,,"PAGE_INSTRUMENT.FINANCIALS.OPERATING_REVENUES_AFTER_DEPRECATIONS"":""Rörelseintäkter efter avskrivningar",https://www.nordnet.se/aktier/kurser/blue-nord-bnor-xosl,2026-10-05T12:10:29Z
BNOR,nordnet_se,,"PAGE_INSTRUMENT.FINANCIAL_OVERVIEW.DATA.OPERATINGEXPENSE"":""Rörelsekostnader",https://www.nordnet.se/aktier/kurser/blue-nord-bnor-xosl,2026-10-05T12:10:29Z
BNOR,nordnet_se,,"PAGE_INSTRUMENT.FINANCIAL_OVERVIEW.DATA.OPERATINGINCOME"":""Rörelseresultat",https://www.nordnet.se/aktier/kurser/blue-nord-bnor-xosl,2026-10-05T12:10:29Z
BNOR,nordnet_se,,"PAGE_INSTRUMENT.FINANCIAL_OVERVIEW.DATA.CASHFLOWOPERATING"":""Kassaflöde från löpande verksamheten",https://www.nordnet.se/aktier/kurser/blue-nord-bnor-xosl,2026-10-05T12:10:29Z
BNOR,nordnet_se,,"PAGE_INSTRUMENT.MORNING_STAR_RATING"":""Morningstar Rating",https://www.nordnet.se/aktier/kurser/blue-nord-bnor-xosl,2026-10-05T12:10:29Z
BNOR,nordnet_se,,"PAGE_INSTRUMENT.STOCK.FEEDBACK_WIDGET.RATING_TITLE_PAGE"":""Hur nöjd är du med aktiesidan?",https://www.nordnet.se/aktier/kurser/blue-nord-bnor-xosl,2026-10-05T12:10:29Z
BNOR,nordnet_se,,"PAGE_INSTRUMENT.HISTORICAL_KEY_FIGURES.ESTIMATES_INFO"":""Framåtblickande estimat av nyckeltal baseras på analytikerkonsensus från Factset. Se analytikerrekommendationer och riktkurser under fliken \\""Om bolaget\\"" på aktiesidan.",https://www.nordnet.se/aktier/kurser/blue-nord-bnor-xosl,2026-10-05T12:10:29Z
BNOR,nordnet_se,,"PAGE_RESEARCH_PORTAL.LIST.COL_TARGET_DEVELOPMENT"":""Potential",https://www.nordnet.se/aktier/kurser/blue-nord-bnor-xosl,2026-10-05T12:10:29Z
BNOR,nordnet_se,,"PAGE_RESEARCH_PORTAL.REPORT.RISK_NOTE"":""Observera att historisk avkastning inte är en garanti för framtida avkastning, och riktkurser är inte en tillförlitlig indikator för framtida resultat. Kom ihåg att investeringar alltid innebär en risk.",https://www.nordnet.se/aktier/kurser/blue-nord-bnor-xosl,2026-10-05T12:10:29Z
BNOR,nordnet_se,,"PAGE_RESEARCH_PORTAL.REPORT.TARGET_DEVELOPMENT"":""Uppsida/Nedsida",https://www.nordnet.se/aktier/kurser/blue-nord-bnor-xosl,2026-10-05T12:10:29Z
BNOR,nordnet_se,,"PAGE_RESEARCH_PORTAL.REPORT.TARGET_PRICE"":""Riktkurs",https://www.nordnet.se/aktier/kurser/blue-nord-bnor-xosl,2026-10-05T12:10:29Z
BNOR,nordnet_se,,"PAGE_RESEARCH_PORTAL.REPORT.TARGET_PRICE_WITH_CURRENCY"":""Riktkurs ({currency})",https://www.nordnet.se/aktier/kurser/blue-nord-bnor-xosl,2026-10-05T12:10:29Z
BNOR,nordnet_se,,"key"":""hasSeenAnalystRatings""",https://www.nordnet.se/aktier/kurser/blue-nord-bnor-xosl,2026-10-05T12:10:29Z
BNOR,nordnet_se,,"key"":""md-15589-promo-sheet-for-analyst-ratings",https://www.nordnet.se/aktier/kurser/blue-nord-bnor-xosl,2026-10-05T12:10:29Z
BNOR,nordnet_se,,"key"":""md-disco-16474-mms-horizon-initiate-transfer-app",https://www.nordnet.se/aktier/kurser/blue-nord-bnor-xosl,2026-10-05T12:10:29Z
BNOR,nordnet_se,,"key"":""acj-504-mms-horizon-initiate-transfer-web",https://www.nordnet.se/aktier/kurser/blue-nord-bnor-xosl,2026-10-05T12:10:29Z
BNOR,nordnet_se,,"key"":""target_delivery_sweden",https://www.nordnet.se/aktier/kurser/blue-nord-bnor-xosl,2026-10-05T12:10:29Z
BNOR,nordnet_se,,"key"":""target_delivery_fi_dk_no",https://www.nordnet.se/aktier/kurser/blue-nord-bnor-xosl,2026-10-05T12:10:29Z
BNOR,nordnet_se,,"key"":""targeted_delivery_-_text_size",https://www.nordnet.se/aktier/kurser/blue-nord-bnor-xosl,2026-10-05T12:10:29Z
BNOR,nordnet_se,,"key"":""targeted-delivery",https://www.nordnet.se/aktier/kurser/blue-nord-bnor-xosl,2026-10-05T12:10:29Z
BNOR,nordnet_se,,"key"":""target_delivery",https://www.nordnet.se/aktier/kurser/blue-nord-bnor-xosl,2026-10-05T12:10:29Z
BNOR,nordnet_se,,"operatingMic"":""XOSL",https://www.nordnet.se/aktier/kurser/blue-nord-bnor-xosl,2026-10-05T12:10:29Z
BNOR,nordnet_se,,"shortDescription"":""ABG sänker BlueNord till sälj trots höjd riktkurs.",https://www.nordnet.se/aktier/kurser/blue-nord-bnor-xosl,2026-10-05T12:10:29Z
BNOR,nordnet_se,,"title"":""ABG sänker BlueNord till sälj""},""financialOverview"":[{""category"":""RATIOS",https://www.nordnet.se/aktier/kurser/blue-nord-bnor-xosl,2026-10-05T12:10:29Z
BNOR,nordnet_se,,"keyFigureType"":""OPERATING_EXPENSES",https://www.nordnet.se/aktier/kurser/blue-nord-bnor-xosl,2026-10-05T12:10:29Z
BNOR,nordnet_se,,"displayName"":""2025""}],""keyFigurePath"":""/company-data/v1/key-figures/operating-expenses/instruments",https://www.nordnet.se/aktier/kurser/blue-nord-bnor-xosl,2026-10-05T12:10:29Z
BNOR,nordnet_se,,"displayName"":""FactSet""}],""keyFigureTypeId"":""operating-expenses""",https://www.nordnet.se/aktier/kurser/blue-nord-bnor-xosl,2026-10-05T12:10:29Z
BNOR,nordnet_se,,"keyFigureType"":""OPERATING_INCOME",https://www.nordnet.se/aktier/kurser/blue-nord-bnor-xosl,2026-10-05T12:10:29Z
BNOR,nordnet_se,,"displayName"":""2025""}],""keyFigurePath"":""/company-data/v1/key-figures/operating-income/instruments",https://www.nordnet.se/aktier/kurser/blue-nord-bnor-xosl,2026-10-05T12:10:29Z
BNOR,nordnet_se,,"displayName"":""FactSet""}],""keyFigureTypeId"":""operating-income""",https://www.nordnet.se/aktier/kurser/blue-nord-bnor-xosl,2026-10-05T12:10:29Z
BNOR,nordnet_se,,"keyFigureType"":""OPERATING_CASH_FLOW",https://www.nordnet.se/aktier/kurser/blue-nord-bnor-xosl,2026-10-05T12:10:29Z
BNOR,nordnet_se,,"displayName"":""2025""}],""keyFigurePath"":""/company-data/v1/key-figures/operating-cash-flow/instruments",https://www.nordnet.se/aktier/kurser/blue-nord-bnor-xosl,2026-10-05T12:10:29Z
BNOR,nordnet_se,,"displayName"":""FactSet""}],""keyFigureTypeId"":""operating-cash-flow""",https://www.nordnet.se/aktier/kurser/blue-nord-bnor-xosl,2026-10-05T12:10:29Z
BNOR,nordnet_se,,"rating"":2,""joinedAt"":1772522560456,""followerCount"":1,""followingCount"":4},""reactions"":[{""type"":""LIKE",https://www.nordnet.se/aktier/kurser/blue-nord-bnor-xosl,2026-10-05T12:10:29Z
BNOR,nordnet_se,,"rating"":null,""joinedAt"":1752861537032,""followerCount"":0,""followingCount"":2},""reactions"":[{""type"":""LIKE",https://www.nordnet.se/aktier/kurser/blue-nord-bnor-xosl,2026-10-05T12:10:29Z
BNOR,nordnet_se,,"rating"":2,""joinedAt"":1766142683645,""followerCount"":3,""followingCount"":17},""reactions"":[{""type"":""LIKE",https://www.nordnet.se/aktier/kurser/blue-nord-bnor-xosl,2026-10-05T12:10:29Z
BNOR,nordnet_se,,"rating"":null,""joinedAt"":1622791350000,""followerCount"":1,""followingCount"":7},""reactions"":[{""type"":""LIKE",https://www.nordnet.se/aktier/kurser/blue-nord-bnor-xosl,2026-10-05T12:10:29Z
BNOR,nordnet_se,,"rating"":2,""joinedAt"":1769674915410,""followerCount"":2,""followingCount"":2},""reactions"":[{""type"":""LIKE",https://www.nordnet.se/aktier/kurser/blue-nord-bnor-xosl,2026-10-05T12:10:29Z
BNOR,nordnet_se,,"rating"":2,""joinedAt"":1768255284996,""followerCount"":1,""followingCount"":11},""reactions"":[{""type"":""LIKE",https://www.nordnet.se/aktier/kurser/blue-nord-bnor-xosl,2026-10-05T12:10:29Z
BNOR,nordnet_se,,"rating"":null,""joinedAt"":1432201075484,""followerCount"":0,""followingCount"":1},""reactions"":[{""type"":""LIKE",https://www.nordnet.se/aktier/kurser/blue-nord-bnor-xosl,2026-10-05T12:10:29Z
BNOR,nordnet_se,,"rating"":0,""joinedAt"":1790896893493,""followerCount"":0,""followingCount"":0},""reactions"":[{""type"":""LIKE",https://www.nordnet.se/aktier/kurser/blue-nord-bnor-xosl,2026-10-05T12:10:29Z
BNOR,nordnet_se,,"rating"":null,""joinedAt"":1652125614555,""followerCount"":0,""followingCount"":7},""reactions"":[{""type"":""LIKE",https://www.nordnet.se/aktier/kurser/blue-nord-bnor-xosl,2026-10-05T12:10:29Z
BNOR,nordnet_se,,"rating"":null,""joinedAt"":1714666772234,""followerCount"":43,""followingCount"":2},""reactions"":[{""type"":""LIKE",https://www.nordnet.se/aktier/kurser/blue-nord-bnor-xosl,2026-10-05T12:10:29Z
BNOR,nordnet_se,,"rating"":2,""joinedAt"":1613161010031,""followerCount"":3,""followingCount"":7},""reactions"":[{""type"":""LIKE",https://www.nordnet.se/aktier/kurser/blue-nord-bnor-xosl,2026-10-05T12:10:29Z
BNOR,nordnet_se,,"rating"":3,""joinedAt"":1478598175847,""followerCount"":29,""followingCount"":47},""reactions"":[{""type"":""LIKE",https://www.nordnet.se/aktier/kurser/blue-nord-bnor-xosl,2026-10-05T12:10:29Z
BNOR,nordnet_se,,"rating"":null,""joinedAt"":1685548982745,""followerCount"":1,""followingCount"":7},""reactions"":[{""type"":""LIKE",https://www.nordnet.se/aktier/kurser/blue-nord-bnor-xosl,2026-10-05T12:10:29Z
BNOR,nordnet_se,,"rating"":3,""joinedAt"":1467556624563,""followerCount"":10,""followingCount"":1},""reactions"":[{""type"":""LIKE",https://www.nordnet.se/aktier/kurser/blue-nord-bnor-xosl,2026-10-05T12:10:29Z
BNOR,nordnet_se,,"rating"":1,""joinedAt"":1528373567377,""followerCount"":6,""followingCount"":0},""reactions"":[{""type"":""LIKE",https://www.nordnet.se/aktier/kurser/blue-nord-bnor-xosl,2026-10-05T12:10:29Z
BNOR,nordnet_se,,"rating"":null,""joinedAt"":1707996942102,""followerCount"":5,""followingCount"":0},""reactions"":[{""type"":""LIKE",https://www.nordnet.se/aktier/kurser/blue-nord-bnor-xosl,2026-10-05T12:10:29Z
BNOR,nordnet_se,,"rating"":1,""joinedAt"":1499932754854,""followerCount"":3,""followingCount"":3},""reactions"":[{""type"":""LIKE",https://www.nordnet.se/aktier/kurser/blue-nord-bnor-xosl,2026-10-05T12:10:29Z
BNOR,nordnet_se,,"rating"":3,""joinedAt"":1421398581124,""followerCount"":42,""followingCount"":8},""reactions"":[{""type"":""LIKE",https://www.nordnet.se/aktier/kurser/blue-nord-bnor-xosl,2026-10-05T12:10:29Z
BNOR,nordnet_se,,"rating"":3,""joinedAt"":1528638947672,""followerCount"":16,""followingCount"":0},""reactions"":[{""type"":""LIKE",https://www.nordnet.se/aktier/kurser/blue-nord-bnor-xosl,2026-10-05T12:10:29Z
BNOR,nordnet_se,,"rating"":null,""joinedAt"":1584537778363,""followerCount"":12,""followingCount"":0},""reactions"":[{""type"":""LIKE",https://www.nordnet.se/aktier/kurser/blue-nord-bnor-xosl,2026-10-05T12:10:29Z
BNOR,nordnet_se,,"rating"":2,""joinedAt"":1561466322724,""followerCount"":7,""followingCount"":7},""reactions"":[{""type"":""LIKE",https://www.nordnet.se/aktier/kurser/blue-nord-bnor-xosl,2026-10-05T12:10:29Z
BNOR,nordnet_se,,"rating"":null,""joinedAt"":1612266469033,""followerCount"":0,""followingCount"":10},""reactions"":[{""type"":""LIKE",https://www.nordnet.se/aktier/kurser/blue-nord-bnor-xosl,2026-10-05T12:10:29Z
BNOR,nordnet_se,,"rating"":null,""joinedAt"":1781394787427,""followerCount"":0,""followingCount"":1},""reactions"":[{""type"":""LIKE",https://www.nordnet.se/aktier/kurser/blue-nord-bnor-xosl,2026-10-05T12:10:29Z
BNOR,nordnet_se,,"rating"":null,""joinedAt"":1714135143536,""followerCount"":2,""followingCount"":32},""reactions"":[{""type"":""LIKE",https://www.nordnet.se/aktier/kurser/blue-nord-bnor-xosl,2026-10-05T12:10:29Z
BNOR,nordnet_se,,"rating"":0,""joinedAt"":1759817792921,""followerCount"":1,""followingCount"":0},""reactions"":[{""type"":""LIKE",https://www.nordnet.se/aktier/kurser/blue-nord-bnor-xosl,2026-10-05T12:10:29Z
BNOR,nordnet_se,,"rating"":0,""joinedAt"":1790243823725,""followerCount"":0,""followingCount"":0},""reactions"":[{""type"":""LIKE",https://www.nordnet.se/aktier/kurser/blue-nord-bnor-xosl,2026-10-05T12:10:29Z
BNOR,nordnet_se,,"rating"":1,""joinedAt"":1572892840319,""followerCount"":29,""followingCount"":40},""reactions"":[{""type"":""LIKE",https://www.nordnet.se/aktier/kurser/blue-nord-bnor-xosl,2026-10-05T12:10:29Z
BNOR,nordnet_se,,"rating"":2,""joinedAt"":1431109745607,""followerCount"":10,""followingCount"":5},""reactions"":[{""type"":""LIKE",https://www.nordnet.se/aktier/kurser/blue-nord-bnor-xosl,2026-10-05T12:10:29Z
BNOR,nordnet_se,,Citi med analytiker Tianhong Bi i spissen øker kursmålet på oljeselskapet Vår Energi fra 48 kroner aksjen til 57 kroner.\,https://www.nordnet.se/aktier/kurser/blue-nord-bnor-xosl,2026-10-05T12:10:29Z
BNOR,nordnet_se,,Det står i sterk kontrast til de norske meglermiljøene i DNB Carnegie og ABG Sundal Collier som nylig har kappet anbefalingen til salg. Også SEB har salg på aksjen. I SB1 Markets har de hold på aksjen. Det samme har de hos Fearnley Securities.\,https://www.nordnet.se/aktier/kurser/blue-nord-bnor-xosl,2026-10-05T12:10:29Z
BNOR,nordnet_se,,"rating"":3,""joinedAt"":1753814446059,""followerCount"":135,""followingCount"":11},""reactions"":[{""type"":""LIKE",https://www.nordnet.se/aktier/kurser/blue-nord-bnor-xosl,2026-10-05T12:10:29Z
BNOR,nordnet_se,,"message"":""Storbank trotsar norska analytiker: Höjer Vår Energi kraftigt\",https://www.nordnet.se/aktier/kurser/blue-nord-bnor-xosl,2026-10-05T12:10:29Z
BNOR,nordnet_se,,Citi med analytikern Tianhong Bi i spetsen höjer riktkursen för oljebolaget Vår Energi från 48 norska kronor per aktie till 57 kronor.\,https://www.nordnet.se/aktier/kurser/blue-nord-bnor-xosl,2026-10-05T12:10:29Z
BNOR,nordnet_se,,"rating"":2,""joinedAt"":1770989605632,""followerCount"":9,""followingCount"":12},""reactions"":[{""type"":""LIKE",https://www.nordnet.se/aktier/kurser/blue-nord-bnor-xosl,2026-10-05T12:10:29Z
BNOR,nordnet_se,,"rating"":2,""joinedAt"":1411903667143,""followerCount"":2,""followingCount"":4},""reactions"":[{""type"":""LIKE",https://www.nordnet.se/aktier/kurser/blue-nord-bnor-xosl,2026-10-05T12:10:29Z
BNOR,nordnet_se,,"rating"":1,""joinedAt"":1506713088198,""followerCount"":31,""followingCount"":0},""reactions"":[{""type"":""LIKE",https://www.nordnet.se/aktier/kurser/blue-nord-bnor-xosl,2026-10-05T12:10:29Z
BNOR,nordnet_se,,"rating"":null,""joinedAt"":1414697933838,""followerCount"":2,""followingCount"":8},""reactions"":[{""type"":""LIKE",https://www.nordnet.se/aktier/kurser/blue-nord-bnor-xosl,2026-10-05T12:10:29Z
BNOR,nordnet_se,,"rating"":3,""joinedAt"":1712235256918,""followerCount"":5,""followingCount"":1},""reactions"":[{""type"":""LIKE",https://www.nordnet.se/aktier/kurser/blue-nord-bnor-xosl,2026-10-05T12:10:29Z
BNOR,nordnet_se,,"rating"":null,""joinedAt"":1714989715818,""followerCount"":2,""followingCount"":6},""reactions"":[{""type"":""LIKE",https://www.nordnet.se/aktier/kurser/blue-nord-bnor-xosl,2026-10-05T12:10:29Z
BNOR,nordnet_se,,"rating"":0,""joinedAt"":1746512213464,""followerCount"":0,""followingCount"":0},""reactions"":[{""type"":""LIKE",https://www.nordnet.se/aktier/kurser/blue-nord-bnor-xosl,2026-10-05T12:10:29Z
BNOR,nordnet_se,,"rating"":1,""joinedAt"":1617662292822,""followerCount"":11,""followingCount"":9},""reactions"":[{""type"":""LIKE",https://www.nordnet.se/aktier/kurser/blue-nord-bnor-xosl,2026-10-05T12:10:29Z
BNOR,nordnet_se,,"rating"":0,""joinedAt"":1788237136658,""followerCount"":1,""followingCount"":1},""reactions"":[{""type"":""LIKE",https://www.nordnet.se/aktier/kurser/blue-nord-bnor-xosl,2026-10-05T12:10:29Z
BNOR,nordnet_se,,"rating"":0,""joinedAt"":1417728447165,""followerCount"":2,""followingCount"":3},""reactions"":[{""type"":""LIKE",https://www.nordnet.se/aktier/kurser/blue-nord-bnor-xosl,2026-10-05T12:10:29Z
BNOR,nordnet_se,,"rating"":null,""joinedAt"":1780647860106,""followerCount"":0,""followingCount"":0},""reactions"":[{""type"":""LIKE",https://www.nordnet.se/aktier/kurser/blue-nord-bnor-xosl,2026-10-05T12:10:29Z
BNOR,nordnet_se,,"rating"":0,""joinedAt"":1713764775914,""followerCount"":2,""followingCount"":1},""reactions"":[{""type"":""LIKE",https://www.nordnet.se/aktier/kurser/blue-nord-bnor-xosl,2026-10-05T12:10:29Z
BNOR,nordnet_se,,"rating"":null,""joinedAt"":1785917937109,""followerCount"":0,""followingCount"":0},""reactions"":[{""type"":""LIKE",https://www.nordnet.se/aktier/kurser/blue-nord-bnor-xosl,2026-10-05T12:10:29Z
BNOR,nordnet_se,,"rating"":null,""joinedAt"":1770214638307,""followerCount"":0,""followingCount"":2},""reactions"":[{""type"":""LIKE",https://www.nordnet.se/aktier/kurser/blue-nord-bnor-xosl,2026-10-05T12:10:29Z
BNOR,nordnet_se,,"rating"":1,""joinedAt"":1739286088720,""followerCount"":0,""followingCount"":0},""reactions"":[{""type"":""LIKE",https://www.nordnet.se/aktier/kurser/blue-nord-bnor-xosl,2026-10-05T12:10:29Z
BNOR,nordnet_se,,"rating"":0,""joinedAt"":1784820946186,""followerCount"":0,""followingCount"":0},""reactions"":[{""type"":""LIKE",https://www.nordnet.se/aktier/kurser/blue-nord-bnor-xosl,2026-10-05T12:10:29Z
BNOR,nordnet_se,,"rating"":3,""joinedAt"":1503097725912,""followerCount"":63,""followingCount"":10},""reactions"":[{""type"":""LIKE",https://www.nordnet.se/aktier/kurser/blue-nord-bnor-xosl,2026-10-05T12:10:29Z
BNOR,nordnet_se,,"rating"":1,""joinedAt"":1481686157873,""followerCount"":0,""followingCount"":0},""reactions"":[{""type"":""LIKE",https://www.nordnet.se/aktier/kurser/blue-nord-bnor-xosl,2026-10-05T12:10:29Z
BNOR,nordnet_se,,"rating"":null,""joinedAt"":1742481863245,""followerCount"":9,""followingCount"":2},""reactions"":[{""type"":""LIKE",https://www.nordnet.se/aktier/kurser/blue-nord-bnor-xosl,2026-10-05T12:10:29Z
BNOR,nordnet_se,,"rating"":3,""joinedAt"":1420059648981,""followerCount"":269,""followingCount"":382},""reactions"":[{""type"":""LIKE",https://www.nordnet.se/aktier/kurser/blue-nord-bnor-xosl,2026-10-05T12:10:29Z
BNOR,nordnet_se,,"rating"":null,""joinedAt"":1782896585595,""followerCount"":0,""followingCount"":0},""reactions"":[{""type"":""LIKE",https://www.nordnet.se/aktier/kurser/blue-nord-bnor-xosl,2026-10-05T12:10:29Z
BNOR,nordnet_se,,"rating"":null,""joinedAt"":1461165101347,""followerCount"":4,""followingCount"":2},""reactions"":[{""type"":""LIKE",https://www.nordnet.se/aktier/kurser/blue-nord-bnor-xosl,2026-10-05T12:10:29Z
BNOR,nordnet_se,,"rating"":0,""joinedAt"":1718383343844,""followerCount"":6,""followingCount"":3},""reactions"":[{""type"":""LIKE",https://www.nordnet.se/aktier/kurser/blue-nord-bnor-xosl,2026-10-05T12:10:29Z
BNOR,nordnet_se,,"rating"":1,""joinedAt"":1508160259326,""followerCount"":1,""followingCount"":3},""reactions"":[{""type"":""LIKE",https://www.nordnet.se/aktier/kurser/blue-nord-bnor-xosl,2026-10-05T12:10:29Z
BNOR,nordnet_se,,"rating"":0,""joinedAt"":1710940311220,""followerCount"":5,""followingCount"":30},""reactions"":[{""type"":""LIKE",https://www.nordnet.se/aktier/kurser/blue-nord-bnor-xosl,2026-10-05T12:10:29Z
BNOR,nordnet_se,,"rating"":1,""joinedAt"":1620636887745,""followerCount"":5,""followingCount"":7},""reactions"":[{""type"":""LIKE",https://www.nordnet.se/aktier/kurser/blue-nord-bnor-xosl,2026-10-05T12:10:29Z
BNOR,nordnet_se,,"rating"":0,""joinedAt"":1738181905387,""followerCount"":1,""followingCount"":1},""reactions"":[{""type"":""LIKE",https://www.nordnet.se/aktier/kurser/blue-nord-bnor-xosl,2026-10-05T12:10:29Z
BNOR,nordnet_se,,"rating"":2,""joinedAt"":1536907206108,""followerCount"":3,""followingCount"":4},""reactions"":[{""type"":""LIKE",https://www.nordnet.se/aktier/kurser/blue-nord-bnor-xosl,2026-10-05T12:10:29Z
BNOR,nordnet_se,,"rating"":0,""joinedAt"":1770193901823,""followerCount"":2,""followingCount"":0},""reactions"":[{""type"":""LIKE",https://www.nordnet.se/aktier/kurser/blue-nord-bnor-xosl,2026-10-05T12:10:29Z
BNOR,nordnet_se,,"rating"":1,""joinedAt"":1765469754271,""followerCount"":0,""followingCount"":5},""reactions"":[{""type"":""LIKE",https://www.nordnet.se/aktier/kurser/blue-nord-bnor-xosl,2026-10-05T12:10:29Z
BNOR,nordnet_se,,"rating"":2,""joinedAt"":1745478727629,""followerCount"":0,""followingCount"":1},""reactions"":[{""type"":""LIKE",https://www.nordnet.se/aktier/kurser/blue-nord-bnor-xosl,2026-10-05T12:10:29Z
BNOR,nordnet_se,,"rating"":3,""joinedAt"":1591691950031,""followerCount"":27,""followingCount"":18},""reactions"":[{""type"":""LIKE",https://www.nordnet.se/aktier/kurser/blue-nord-bnor-xosl,2026-10-05T12:10:29Z
BNOR,nordnet_se,,"rating"":3,""joinedAt"":1694269205008,""followerCount"":54,""followingCount"":9},""reactions"":[{""type"":""LIKE",https://www.nordnet.se/aktier/kurser/blue-nord-bnor-xosl,2026-10-05T12:10:29Z
BNOR,nordnet_se,,"rating"":null,""joinedAt"":1789541455891,""followerCount"":0,""followingCount"":0},""reactions"":[{""type"":""LIKE",https://www.nordnet.se/aktier/kurser/blue-nord-bnor-xosl,2026-10-05T12:10:29Z
BNOR,nordnet_se,,"rating"":2,""joinedAt"":1432196443733,""followerCount"":92,""followingCount"":1},""reactions"":[{""type"":""LIKE",https://www.nordnet.se/aktier/kurser/blue-nord-bnor-xosl,2026-10-05T12:10:29Z
BNOR,nordnet_se,,"rating"":2,""joinedAt"":1779804856262,""followerCount"":0,""followingCount"":0},""reactions"":[{""type"":""LIKE",https://www.nordnet.se/aktier/kurser/blue-nord-bnor-xosl,2026-10-05T12:10:29Z
BNOR,nordnet_se,,"rating"":0,""joinedAt"":1754733138732,""followerCount"":0,""followingCount"":0},""reactions"":[{""type"":""LIKE",https://www.nordnet.se/aktier/kurser/blue-nord-bnor-xosl,2026-10-05T12:10:29Z
BNOR,nordnet_se,,"rating"":null,""joinedAt"":1618164317854,""followerCount"":0,""followingCount"":8},""reactions"":[{""type"":""LIKE",https://www.nordnet.se/aktier/kurser/blue-nord-bnor-xosl,2026-10-05T12:10:29Z
BNOR,nordnet_se,,"rating"":2,""joinedAt"":1731683618104,""followerCount"":7,""followingCount"":8},""reactions"":[{""type"":""LIKE",https://www.nordnet.se/aktier/kurser/blue-nord-bnor-xosl,2026-10-05T12:10:29Z
BNOR,nordnet_se,,"rating"":null,""joinedAt"":1675846269077,""followerCount"":1,""followingCount"":8},""reactions"":[{""type"":""LIKE",https://www.nordnet.se/aktier/kurser/blue-nord-bnor-xosl,2026-10-05T12:10:29Z
BNOR,nordnet_se,,"rating"":null,""joinedAt"":1767994738510,""followerCount"":3,""followingCount"":12},""reactions"":[{""type"":""LIKE",https://www.nordnet.se/aktier/kurser/blue-nord-bnor-xosl,2026-10-05T12:10:29Z
